-- phpMyAdmin SQL Dump
-- version 4.8.3
-- https://www.phpmyadmin.net/
--
-- Host: 127.0.0.1
-- Generation Time: Aug 06, 2019 at 08:51 PM
-- Server version: 10.1.37-MariaDB
-- PHP Version: 7.2.12

SET SQL_MODE = "NO_AUTO_VALUE_ON_ZERO";
SET AUTOCOMMIT = 0;
START TRANSACTION;
SET time_zone = "+00:00";


/*!40101 SET @OLD_CHARACTER_SET_CLIENT=@@CHARACTER_SET_CLIENT */;
/*!40101 SET @OLD_CHARACTER_SET_RESULTS=@@CHARACTER_SET_RESULTS */;
/*!40101 SET @OLD_COLLATION_CONNECTION=@@COLLATION_CONNECTION */;
/*!40101 SET NAMES utf8mb4 */;

--
-- Database: `wholesale`
--

-- --------------------------------------------------------

--
-- Table structure for table `abouts`
--

CREATE TABLE `abouts` (
  `id` int(11) NOT NULL,
  `text` text NOT NULL,
  `created_at` timestamp NOT NULL DEFAULT CURRENT_TIMESTAMP ON UPDATE CURRENT_TIMESTAMP,
  `updated_at` timestamp NOT NULL DEFAULT '0000-00-00 00:00:00'
) ENGINE=InnoDB DEFAULT CHARSET=latin1;

--
-- Dumping data for table `abouts`
--

INSERT INTO `abouts` (`id`, `text`, `created_at`, `updated_at`) VALUES
(1, '<h2>Your About Us page is vital.</h2>\r\n<p>It&rsquo;s often the first step in any user&rsquo;s journey through a website or blog.</p>\r\n<p>It also shouldn&rsquo;t be their last, because first impressions count online just as much as they do in the real world.</p>\r\n<p>If your visitors aren&rsquo;t impressed, you can expect them to leave without reading your awesome content or completing a conversion action (e.g., signing up for your newsletter, making a purchase).</p>\r\n<p>What Makes a Solid &lsquo;About Us&rsquo; Page?</p>\r\n<p>Your About Us page should be:</p>\r\n<p><strong>Informative. It doesn&rsquo;t always have to tell the whole story, but it should at least provide people with an idea of who and what you are.</strong></p>\r\n<p><strong>Contain social proof, testimonials, and some personal information that viewers can relate to such as education, family, etc.</strong></p>\r\n<p><strong>Useful and engaging.</strong></p>\r\n<p><strong>Easy to navigate and accessible on any device.</strong></p>\r\n<p>That may all sound complicated, but it really isn&rsquo;t.</p>\r\n<p>The main purpose of your About Us page is to give visitors a glimpse into the identity of either a person or business.</p>\r\n<p>As users discover your brand, they need to distinguish what sets you apart and makes you&hellip; you.</p>\r\n<p>This often requires finding the right balance between compelling content and a design carefully planned to look the part.</p>\r\n<p>Conveying your identity in a fun and approachable &ndash; but also reliable and informative &ndash; way is challenging.</p>\r\n<p>If you know who you are and your goal for your site, the About Us page should come naturally.</p>\r\n<p>However, if you&rsquo;re looking for some inspiration, you can always check out these 25 examples of creative and engaging About Us pages.</p>\r\n<p>These excellent examples will help you build a personal and engaging website journey.</p>', '2019-08-06 18:38:04', '2019-08-06 12:38:04');

-- --------------------------------------------------------

--
-- Table structure for table `basic_infos`
--

CREATE TABLE `basic_infos` (
  `id` int(10) UNSIGNED NOT NULL,
  `logo` text COLLATE utf8mb4_unicode_ci,
  `phone_number` text COLLATE utf8mb4_unicode_ci,
  `email_id` text COLLATE utf8mb4_unicode_ci,
  `facebook_link` text COLLATE utf8mb4_unicode_ci,
  `created_at` timestamp NULL DEFAULT NULL,
  `updated_at` timestamp NULL DEFAULT NULL
) ENGINE=InnoDB DEFAULT CHARSET=utf8mb4 COLLATE=utf8mb4_unicode_ci;

--
-- Dumping data for table `basic_infos`
--

INSERT INTO `basic_infos` (`id`, `logo`, `phone_number`, `email_id`, `facebook_link`, `created_at`, `updated_at`) VALUES
(2, 'basic-infos\\May2019\\GDZxECJhYD3LPjlfXGur.png', '+2 95 01 88 821', 'info@domain.', 'www.facebook.com', '2019-05-20 09:51:21', '2019-07-05 12:17:21');

-- --------------------------------------------------------

--
-- Table structure for table `categories`
--

CREATE TABLE `categories` (
  `id` int(10) UNSIGNED NOT NULL,
  `parent_id` int(10) UNSIGNED DEFAULT NULL,
  `order` int(11) NOT NULL DEFAULT '1',
  `name` varchar(191) COLLATE utf8mb4_unicode_ci NOT NULL,
  `slug` varchar(191) COLLATE utf8mb4_unicode_ci NOT NULL,
  `created_at` timestamp NULL DEFAULT NULL,
  `updated_at` timestamp NULL DEFAULT NULL
) ENGINE=InnoDB DEFAULT CHARSET=utf8mb4 COLLATE=utf8mb4_unicode_ci;

--
-- Dumping data for table `categories`
--

INSERT INTO `categories` (`id`, `parent_id`, `order`, `name`, `slug`, `created_at`, `updated_at`) VALUES
(1, NULL, 1, 'Category 1', 'category-1', '2019-04-28 11:44:09', '2019-04-28 11:44:09'),
(2, NULL, 1, 'Category 2', 'category-2', '2019-04-28 11:44:09', '2019-04-28 11:44:09');

-- --------------------------------------------------------

--
-- Table structure for table `data_rows`
--

CREATE TABLE `data_rows` (
  `id` int(10) UNSIGNED NOT NULL,
  `data_type_id` int(10) UNSIGNED NOT NULL,
  `field` varchar(191) COLLATE utf8mb4_unicode_ci NOT NULL,
  `type` varchar(191) COLLATE utf8mb4_unicode_ci NOT NULL,
  `display_name` varchar(191) COLLATE utf8mb4_unicode_ci NOT NULL,
  `required` tinyint(1) NOT NULL DEFAULT '0',
  `browse` tinyint(1) NOT NULL DEFAULT '1',
  `read` tinyint(1) NOT NULL DEFAULT '1',
  `edit` tinyint(1) NOT NULL DEFAULT '1',
  `add` tinyint(1) NOT NULL DEFAULT '1',
  `delete` tinyint(1) NOT NULL DEFAULT '1',
  `details` text COLLATE utf8mb4_unicode_ci,
  `order` int(11) NOT NULL DEFAULT '1'
) ENGINE=InnoDB DEFAULT CHARSET=utf8mb4 COLLATE=utf8mb4_unicode_ci;

--
-- Dumping data for table `data_rows`
--

INSERT INTO `data_rows` (`id`, `data_type_id`, `field`, `type`, `display_name`, `required`, `browse`, `read`, `edit`, `add`, `delete`, `details`, `order`) VALUES
(1, 1, 'id', 'number', 'ID', 1, 0, 0, 0, 0, 0, NULL, 1),
(2, 1, 'name', 'text', 'Name', 1, 1, 1, 1, 1, 1, NULL, 2),
(3, 1, 'email', 'text', 'Email', 1, 1, 1, 1, 1, 1, NULL, 3),
(4, 1, 'password', 'password', 'Password', 1, 0, 0, 1, 1, 0, NULL, 4),
(5, 1, 'remember_token', 'text', 'Remember Token', 0, 0, 0, 0, 0, 0, NULL, 5),
(6, 1, 'created_at', 'timestamp', 'Created At', 0, 1, 1, 0, 0, 0, NULL, 6),
(7, 1, 'updated_at', 'timestamp', 'Updated At', 0, 0, 0, 0, 0, 0, NULL, 7),
(8, 1, 'avatar', 'image', 'Avatar', 0, 1, 1, 1, 1, 1, NULL, 8),
(9, 1, 'user_belongsto_role_relationship', 'relationship', 'Role', 0, 1, 1, 1, 1, 0, '{\"model\":\"TCG\\\\Voyager\\\\Models\\\\Role\",\"table\":\"roles\",\"type\":\"belongsTo\",\"column\":\"role_id\",\"key\":\"id\",\"label\":\"display_name\",\"pivot_table\":\"roles\",\"pivot\":0}', 10),
(10, 1, 'user_belongstomany_role_relationship', 'relationship', 'Roles', 0, 1, 1, 1, 1, 0, '{\"model\":\"TCG\\\\Voyager\\\\Models\\\\Role\",\"table\":\"roles\",\"type\":\"belongsToMany\",\"column\":\"id\",\"key\":\"id\",\"label\":\"display_name\",\"pivot_table\":\"user_roles\",\"pivot\":\"1\",\"taggable\":\"0\"}', 11),
(11, 1, 'settings', 'hidden', 'Settings', 0, 0, 0, 0, 0, 0, NULL, 12),
(12, 2, 'id', 'number', 'ID', 1, 0, 0, 0, 0, 0, NULL, 1),
(13, 2, 'name', 'text', 'Name', 1, 1, 1, 1, 1, 1, NULL, 2),
(14, 2, 'created_at', 'timestamp', 'Created At', 0, 0, 0, 0, 0, 0, NULL, 3),
(15, 2, 'updated_at', 'timestamp', 'Updated At', 0, 0, 0, 0, 0, 0, NULL, 4),
(16, 3, 'id', 'number', 'ID', 1, 0, 0, 0, 0, 0, NULL, 1),
(17, 3, 'name', 'text', 'Name', 1, 1, 1, 1, 1, 1, NULL, 2),
(18, 3, 'created_at', 'timestamp', 'Created At', 0, 0, 0, 0, 0, 0, NULL, 3),
(19, 3, 'updated_at', 'timestamp', 'Updated At', 0, 0, 0, 0, 0, 0, NULL, 4),
(20, 3, 'display_name', 'text', 'Display Name', 1, 1, 1, 1, 1, 1, NULL, 5),
(21, 1, 'role_id', 'text', 'Role', 1, 1, 1, 1, 1, 1, NULL, 9),
(29, 5, 'id', 'number', 'ID', 1, 0, 0, 0, 0, 0, NULL, 1),
(30, 5, 'author_id', 'text', 'Author', 1, 0, 1, 1, 0, 1, NULL, 2),
(31, 5, 'category_id', 'text', 'Category', 1, 0, 1, 1, 1, 0, NULL, 3),
(32, 5, 'title', 'text', 'Title', 1, 1, 1, 1, 1, 1, NULL, 4),
(33, 5, 'excerpt', 'text_area', 'Excerpt', 1, 0, 1, 1, 1, 1, NULL, 5),
(34, 5, 'body', 'rich_text_box', 'Body', 1, 0, 1, 1, 1, 1, NULL, 6),
(35, 5, 'image', 'image', 'Post Image', 0, 1, 1, 1, 1, 1, '{\"resize\":{\"width\":\"1000\",\"height\":\"null\"},\"quality\":\"70%\",\"upsize\":true,\"thumbnails\":[{\"name\":\"medium\",\"scale\":\"50%\"},{\"name\":\"small\",\"scale\":\"25%\"},{\"name\":\"cropped\",\"crop\":{\"width\":\"300\",\"height\":\"250\"}}]}', 7),
(36, 5, 'slug', 'text', 'Slug', 1, 0, 1, 1, 1, 1, '{\"slugify\":{\"origin\":\"title\",\"forceUpdate\":true},\"validation\":{\"rule\":\"unique:posts,slug\"}}', 8),
(37, 5, 'meta_description', 'text_area', 'Meta Description', 1, 0, 1, 1, 1, 1, NULL, 9),
(38, 5, 'meta_keywords', 'text_area', 'Meta Keywords', 1, 0, 1, 1, 1, 1, NULL, 10),
(39, 5, 'status', 'select_dropdown', 'Status', 1, 1, 1, 1, 1, 1, '{\"default\":\"DRAFT\",\"options\":{\"PUBLISHED\":\"published\",\"DRAFT\":\"draft\",\"PENDING\":\"pending\"}}', 11),
(40, 5, 'created_at', 'timestamp', 'Created At', 0, 1, 1, 0, 0, 0, NULL, 12),
(41, 5, 'updated_at', 'timestamp', 'Updated At', 0, 0, 0, 0, 0, 0, NULL, 13),
(42, 5, 'seo_title', 'text', 'SEO Title', 0, 1, 1, 1, 1, 1, NULL, 14),
(43, 5, 'featured', 'checkbox', 'Featured', 1, 1, 1, 1, 1, 1, NULL, 15),
(44, 6, 'id', 'number', 'ID', 1, 0, 0, 0, 0, 0, NULL, 1),
(45, 6, 'author_id', 'text', 'Author', 1, 0, 0, 0, 0, 0, NULL, 2),
(46, 6, 'title', 'text', 'Title', 1, 1, 1, 1, 1, 1, NULL, 3),
(47, 6, 'excerpt', 'text_area', 'Excerpt', 1, 0, 1, 1, 1, 1, NULL, 4),
(48, 6, 'body', 'rich_text_box', 'Body', 1, 0, 1, 1, 1, 1, NULL, 5),
(49, 6, 'slug', 'text', 'Slug', 1, 0, 1, 1, 1, 1, '{\"slugify\":{\"origin\":\"title\"},\"validation\":{\"rule\":\"unique:pages,slug\"}}', 6),
(50, 6, 'meta_description', 'text', 'Meta Description', 1, 0, 1, 1, 1, 1, NULL, 7),
(51, 6, 'meta_keywords', 'text', 'Meta Keywords', 1, 0, 1, 1, 1, 1, NULL, 8),
(52, 6, 'status', 'select_dropdown', 'Status', 1, 1, 1, 1, 1, 1, '{\"default\":\"INACTIVE\",\"options\":{\"INACTIVE\":\"INACTIVE\",\"ACTIVE\":\"ACTIVE\"}}', 9),
(53, 6, 'created_at', 'timestamp', 'Created At', 1, 1, 1, 0, 0, 0, NULL, 10),
(54, 6, 'updated_at', 'timestamp', 'Updated At', 1, 0, 0, 0, 0, 0, NULL, 11),
(55, 6, 'image', 'image', 'Page Image', 0, 1, 1, 1, 1, 1, NULL, 12),
(56, 10, 'id', 'number', 'Id', 1, 0, 0, 0, 0, 0, '{}', 1),
(57, 10, 'title', 'text', 'Title', 0, 1, 1, 1, 1, 1, '{}', 2),
(58, 10, 'subtitle', 'text', 'Subtitle', 0, 1, 1, 1, 1, 1, '{}', 3),
(59, 10, 'short_description', 'text_area', 'Short Description', 0, 1, 1, 1, 1, 1, '{\"validation\":{\"rule\":\"max:120\"}}', 4),
(60, 10, 'button_text', 'text', 'Button Text', 0, 1, 1, 1, 1, 1, '{}', 5),
(61, 10, 'button_url', 'text', 'Button Url', 0, 1, 1, 1, 1, 1, '{}', 6),
(62, 10, 'main_image', 'image', 'Main Image', 0, 1, 1, 1, 1, 1, 'null', 7),
(63, 10, 'pricing_image', 'image', 'Pricing Image', 0, 1, 1, 1, 1, 1, '{}', 8),
(64, 10, 'is_active', 'checkbox', 'Visible', 0, 1, 1, 1, 1, 1, '{\"on\":\"Visible\",\"off\":\"Not Visible\"}', 9),
(65, 10, 'created_at', 'timestamp', 'Created At', 0, 0, 0, 0, 0, 1, '{}', 10),
(66, 10, 'updated_at', 'timestamp', 'Updated At', 0, 0, 0, 0, 0, 1, '{}', 11),
(74, 12, 'id', 'text', 'Id', 1, 0, 0, 0, 0, 0, '{}', 1),
(75, 12, 'name', 'text', 'Name', 1, 1, 1, 1, 1, 1, '{}', 2),
(76, 12, 'created_at', 'timestamp', 'Created At', 1, 0, 0, 0, 0, 0, '{}', 3),
(77, 12, 'updated_at', 'timestamp', 'Updated At', 1, 0, 0, 0, 0, 0, '{}', 4),
(92, 12, 'parent_id', 'text', 'Parent Id', 0, 0, 1, 1, 1, 0, '{}', 3),
(93, 12, 'product_category_belongsto_product_category_relationship', 'relationship', 'Parent Category', 0, 1, 1, 1, 1, 1, '{\"model\":\"App\\\\ProductCategory\",\"table\":\"product_categories\",\"type\":\"belongsTo\",\"column\":\"parent_id\",\"key\":\"id\",\"label\":\"name\",\"pivot_table\":\"categories\",\"pivot\":\"0\",\"taggable\":\"0\"}', 5),
(94, 15, 'id', 'text', 'Id', 1, 0, 0, 0, 0, 0, '{}', 1),
(95, 15, 'name', 'text', 'Name', 0, 1, 1, 1, 0, 0, '{\"validation\":{\"rule\":\"required\",\"messages\":{\"required\":\"This :attribute field is a must.\"}}}', 2),
(96, 15, 'category_id', 'text', 'Category Id', 1, 1, 1, 1, 1, 1, '{}', 6),
(97, 15, 'primary_image', 'image', 'Primary Image', 0, 1, 1, 0, 0, 0, '{}', 7),
(98, 15, 'other_images', 'multiple_images', 'Other Images', 0, 1, 1, 0, 0, 0, '{}', 8),
(99, 15, 'description', 'rich_text_box', 'Description', 0, 0, 1, 1, 0, 0, '{}', 9),
(100, 15, 'minimum_orders', 'number', 'Minimum Orders', 1, 0, 1, 1, 1, 1, '{}', 11),
(101, 15, 'start_price', 'number', 'Start Price', 1, 1, 1, 1, 1, 1, '{}', 13),
(102, 15, 'end_price', 'number', 'End Price', 1, 1, 1, 1, 1, 1, '{}', 14),
(103, 15, 'is_featured', 'checkbox', 'Featured', 1, 1, 1, 1, 1, 1, '{\"on\":\"Featured\",\"off\":\"Not Featured\"}', 15),
(104, 15, 'created_at', 'timestamp', 'Created At', 1, 0, 0, 0, 0, 0, '{}', 16),
(105, 15, 'updated_at', 'timestamp', 'Updated At', 1, 0, 0, 0, 0, 0, '{}', 17),
(106, 15, 'product_belongsto_product_category_relationship', 'relationship', 'Ctegory', 0, 1, 1, 1, 1, 1, '{\"model\":\"App\\\\ProductCategory\",\"table\":\"product_categories\",\"type\":\"belongsTo\",\"column\":\"category_id\",\"key\":\"id\",\"label\":\"name\",\"pivot_table\":\"categories\",\"pivot\":\"0\",\"taggable\":\"0\"}', 4),
(107, 15, 'brand', 'text', 'Brand', 0, 0, 0, 0, 0, 0, '{}', 5),
(108, 17, 'id', 'text', 'Id', 1, 0, 0, 0, 0, 0, '{}', 1),
(109, 17, 'logo', 'text', 'Logo', 0, 1, 1, 1, 0, 0, '{}', 2),
(110, 17, 'phone_number', 'text', 'Phone Number', 0, 1, 1, 1, 0, 0, '{}', 3),
(111, 17, 'email_id', 'text', 'Email Id', 0, 1, 1, 1, 0, 0, '{}', 4),
(112, 17, 'facebook_link', 'text', 'Facebook Link', 0, 1, 1, 1, 0, 0, '{}', 5),
(113, 17, 'created_at', 'timestamp', 'Created At', 0, 1, 1, 1, 0, 1, '{}', 6),
(114, 17, 'updated_at', 'timestamp', 'Updated At', 0, 0, 0, 0, 0, 0, '{}', 7),
(122, 15, 'web_url', 'text', 'Web Url', 0, 0, 0, 0, 0, 0, '{}', 3),
(123, 20, 'id', 'text', 'Id', 1, 0, 0, 0, 0, 0, '{}', 1),
(124, 20, 'user_name', 'text', 'User Name', 1, 1, 1, 0, 0, 0, '{}', 2),
(125, 20, 'user_phone', 'text', 'User Phone', 1, 1, 1, 0, 0, 0, '{}', 3),
(126, 20, 'product_name', 'text', 'Product Name', 0, 1, 1, 0, 0, 0, '{}', 4),
(127, 20, 'product_quantity', 'text', 'Product Quantity', 0, 1, 1, 0, 0, 0, '{}', 5),
(128, 20, 'product_description', 'text', 'Product Description', 0, 1, 1, 0, 0, 0, '{}', 6),
(129, 20, 'product_url', 'text', 'Product Url', 0, 1, 1, 0, 0, 0, '{}', 7),
(130, 20, 'created_at', 'timestamp', 'Sent On', 1, 1, 1, 0, 0, 0, '{}', 10),
(131, 20, 'updated_at', 'timestamp', 'Updated At', 1, 0, 0, 0, 0, 0, '{}', 11),
(133, 20, 'product_images', 'multiple_images', 'Product Images', 0, 1, 1, 0, 0, 0, '{}', 8),
(134, 15, 'tags', 'multiple_checkbox', 'Tags', 0, 0, 0, 0, 0, 0, '{}', 18),
(135, 21, 'id', 'text', 'Id', 1, 0, 0, 0, 0, 0, '{}', 2),
(136, 21, 'product_id', 'text', 'Product Id', 1, 0, 0, 0, 0, 0, '{}', 3),
(137, 21, 'user_name', 'text', 'User Name', 1, 1, 1, 0, 0, 0, '{}', 4),
(138, 21, 'phone_number', 'text', 'Contact Info.', 1, 1, 1, 0, 0, 0, '{}', 5),
(139, 21, 'product_query', 'text', 'Product Query', 1, 1, 1, 0, 0, 0, '{}', 6),
(140, 21, 'created_at', 'timestamp', 'Created At', 1, 0, 0, 0, 0, 0, '{}', 7),
(141, 21, 'updated_at', 'timestamp', 'Updated At', 1, 0, 0, 0, 0, 0, '{}', 8),
(142, 21, 'product_query_hasone_product_relationship', 'relationship', 'product Name', 0, 1, 0, 0, 0, 0, '{\"model\":\"App\\\\Product\",\"table\":\"products\",\"type\":\"belongsTo\",\"column\":\"product_id\",\"key\":\"id\",\"label\":\"name\",\"pivot_table\":\"basic_infos\",\"pivot\":\"0\",\"taggable\":\"0\"}', 1),
(143, 15, 'unit', 'text', 'Unit', 0, 0, 1, 1, 1, 0, '{}', 12),
(144, 21, 'is_read', 'checkbox', 'Status', 1, 1, 0, 0, 0, 0, '{\"on\":\"Seen\",\"off\":\"New\"}', 6),
(145, 20, 'is_read', 'checkbox', 'Status', 1, 1, 0, 0, 0, 0, '{\"on\":\"Seen\",\"off\":\"New\"}', 9),
(146, 15, 'views', 'number', 'Views', 1, 1, 1, 0, 0, 0, '{}', 10),
(147, 15, 'text_one_title', 'text', 'Title 1', 0, 0, 1, 1, 1, 1, '{\"display\":{\"width\":\"2 text-danger\"}}', 19),
(148, 15, 'text_one_text', 'text', 'Text 1', 0, 0, 1, 1, 1, 1, '{\"display\":{\"width\":\"2 text-danger\"}}', 20),
(149, 15, 'text_two_title', 'text', 'Title 2', 0, 0, 1, 1, 1, 1, '{\"display\":{\"width\":\"2 text-info\"}}', 21),
(150, 15, 'text_two_text', 'text', 'Text 2', 0, 0, 1, 1, 1, 1, '{\"display\":{\"width\":\"2 text-info\"}}', 22),
(151, 15, 'text_three_title', 'text', 'Title 3', 0, 0, 1, 1, 1, 1, '{\"display\":{\"width\":\"2 text-warning\"}}', 23),
(152, 15, 'text_three_text', 'text', 'Text 3', 0, 0, 1, 1, 1, 1, '{\"display\":{\"width\":\"2 text-warning\"}}', 24),
(153, 24, 'id', 'text', 'Id', 1, 0, 0, 0, 0, 0, '{}', 1),
(154, 24, 'text', 'rich_text_box', 'Text', 1, 1, 1, 1, 0, 0, '{}', 2),
(155, 24, 'created_at', 'timestamp', 'Created At', 1, 0, 0, 0, 0, 0, '{}', 3),
(156, 24, 'updated_at', 'timestamp', 'Updated At', 1, 0, 0, 0, 0, 0, '{}', 4);

-- --------------------------------------------------------

--
-- Table structure for table `data_types`
--

CREATE TABLE `data_types` (
  `id` int(10) UNSIGNED NOT NULL,
  `name` varchar(191) COLLATE utf8mb4_unicode_ci NOT NULL,
  `slug` varchar(191) COLLATE utf8mb4_unicode_ci NOT NULL,
  `display_name_singular` varchar(191) COLLATE utf8mb4_unicode_ci NOT NULL,
  `display_name_plural` varchar(191) COLLATE utf8mb4_unicode_ci NOT NULL,
  `icon` varchar(191) COLLATE utf8mb4_unicode_ci DEFAULT NULL,
  `model_name` varchar(191) COLLATE utf8mb4_unicode_ci DEFAULT NULL,
  `policy_name` varchar(191) COLLATE utf8mb4_unicode_ci DEFAULT NULL,
  `controller` varchar(191) COLLATE utf8mb4_unicode_ci DEFAULT NULL,
  `description` varchar(191) COLLATE utf8mb4_unicode_ci DEFAULT NULL,
  `generate_permissions` tinyint(1) NOT NULL DEFAULT '0',
  `server_side` tinyint(4) NOT NULL DEFAULT '0',
  `details` text COLLATE utf8mb4_unicode_ci,
  `created_at` timestamp NULL DEFAULT NULL,
  `updated_at` timestamp NULL DEFAULT NULL
) ENGINE=InnoDB DEFAULT CHARSET=utf8mb4 COLLATE=utf8mb4_unicode_ci;

--
-- Dumping data for table `data_types`
--

INSERT INTO `data_types` (`id`, `name`, `slug`, `display_name_singular`, `display_name_plural`, `icon`, `model_name`, `policy_name`, `controller`, `description`, `generate_permissions`, `server_side`, `details`, `created_at`, `updated_at`) VALUES
(1, 'users', 'users', 'User', 'Users', 'voyager-person', 'TCG\\Voyager\\Models\\User', 'TCG\\Voyager\\Policies\\UserPolicy', 'TCG\\Voyager\\Http\\Controllers\\VoyagerUserController', '', 1, 0, NULL, '2019-04-28 11:44:08', '2019-04-28 11:44:08'),
(2, 'menus', 'menus', 'Menu', 'Menus', 'voyager-list', 'TCG\\Voyager\\Models\\Menu', NULL, '', '', 1, 0, NULL, '2019-04-28 11:44:08', '2019-04-28 11:44:08'),
(3, 'roles', 'roles', 'Role', 'Roles', 'voyager-lock', 'TCG\\Voyager\\Models\\Role', NULL, '', '', 1, 0, NULL, '2019-04-28 11:44:08', '2019-04-28 11:44:08'),
(5, 'posts', 'posts', 'Post', 'Posts', 'voyager-news', 'TCG\\Voyager\\Models\\Post', 'TCG\\Voyager\\Policies\\PostPolicy', '', '', 1, 0, NULL, '2019-04-28 11:44:09', '2019-04-28 11:44:09'),
(6, 'pages', 'pages', 'Page', 'Pages', 'voyager-file-text', 'TCG\\Voyager\\Models\\Page', NULL, '', '', 1, 0, NULL, '2019-04-28 11:44:09', '2019-04-28 11:44:09'),
(9, 'slider_info', 'slider-info', 'Slider Info', 'Slider Info', NULL, 'App\\SliderInfo', NULL, NULL, NULL, 1, 0, '{\"order_column\":null,\"order_display_column\":null,\"order_direction\":\"asc\",\"default_search_key\":null,\"scope\":null}', '2019-04-28 12:29:26', '2019-04-28 12:31:03'),
(10, 'slider_infos', 'slider-infos', 'Slider Info', 'Slider Infos', NULL, 'App\\SliderInfo', NULL, NULL, NULL, 1, 0, '{\"order_column\":null,\"order_display_column\":null,\"order_direction\":\"asc\",\"default_search_key\":null,\"scope\":null}', '2019-04-28 12:33:27', '2019-07-28 11:50:27'),
(12, 'product_categories', 'product-categories', 'Product Category', 'Product Categories', NULL, 'App\\ProductCategory', NULL, NULL, NULL, 1, 0, '{\"order_column\":\"name\",\"order_display_column\":null,\"order_direction\":\"asc\",\"default_search_key\":null,\"scope\":null}', '2019-04-30 08:07:00', '2019-04-30 09:12:05'),
(15, 'products', 'products', 'Product', 'Products', NULL, 'App\\Product', NULL, '\\App\\Http\\Controllers\\Voyager\\ProductsController', NULL, 1, 1, '{\"order_column\":null,\"order_display_column\":null,\"order_direction\":\"asc\",\"default_search_key\":null,\"scope\":null}', '2019-04-30 09:44:52', '2019-07-27 14:10:37'),
(17, 'basic_info', 'basic-info', 'Basic Info', 'Basic Infos', NULL, 'App\\BasicInfo', NULL, NULL, NULL, 1, 0, '{\"order_column\":null,\"order_display_column\":null,\"order_direction\":\"asc\",\"default_search_key\":null,\"scope\":null}', '2019-05-20 09:43:14', '2019-05-20 09:45:51'),
(20, 'source_products', 'source-products', 'Source Product', 'Source Products', NULL, 'App\\Source_product', NULL, '\\App\\Http\\Controllers\\Voyager\\ProductSourceController', NULL, 1, 0, '{\"order_column\":\"is_read\",\"order_display_column\":\"is_read\",\"order_direction\":\"asc\",\"default_search_key\":null,\"scope\":null}', '2019-07-04 12:56:17', '2019-07-23 08:38:28'),
(21, 'product_queries', 'product-queries', 'Product Query', 'Product Queries', NULL, 'App\\Product_query', NULL, '\\App\\Http\\Controllers\\Voyager\\ProductQueryController', NULL, 1, 1, '{\"order_column\":\"id\",\"order_display_column\":null,\"order_direction\":\"desc\",\"default_search_key\":null,\"scope\":null}', '2019-07-06 11:46:24', '2019-08-01 12:21:17'),
(24, 'abouts', 'abouts', 'About', 'About', NULL, 'App\\About', NULL, NULL, NULL, 1, 0, '{\"order_column\":null,\"order_display_column\":null,\"order_direction\":\"asc\",\"default_search_key\":null,\"scope\":null}', '2019-08-06 12:23:31', '2019-08-06 12:36:51');

-- --------------------------------------------------------

--
-- Table structure for table `menus`
--

CREATE TABLE `menus` (
  `id` int(10) UNSIGNED NOT NULL,
  `name` varchar(191) COLLATE utf8mb4_unicode_ci NOT NULL,
  `created_at` timestamp NULL DEFAULT NULL,
  `updated_at` timestamp NULL DEFAULT NULL
) ENGINE=InnoDB DEFAULT CHARSET=utf8mb4 COLLATE=utf8mb4_unicode_ci;

--
-- Dumping data for table `menus`
--

INSERT INTO `menus` (`id`, `name`, `created_at`, `updated_at`) VALUES
(1, 'admin', '2019-04-28 11:44:08', '2019-04-28 11:44:08'),
(2, 'web admin', '2019-07-06 12:27:22', '2019-07-06 12:27:22');

-- --------------------------------------------------------

--
-- Table structure for table `menu_items`
--

CREATE TABLE `menu_items` (
  `id` int(10) UNSIGNED NOT NULL,
  `menu_id` int(10) UNSIGNED DEFAULT NULL,
  `title` varchar(191) COLLATE utf8mb4_unicode_ci NOT NULL,
  `url` varchar(191) COLLATE utf8mb4_unicode_ci NOT NULL,
  `target` varchar(191) COLLATE utf8mb4_unicode_ci NOT NULL DEFAULT '_self',
  `icon_class` varchar(191) COLLATE utf8mb4_unicode_ci DEFAULT NULL,
  `color` varchar(191) COLLATE utf8mb4_unicode_ci DEFAULT NULL,
  `parent_id` int(11) DEFAULT NULL,
  `order` int(11) NOT NULL,
  `created_at` timestamp NULL DEFAULT NULL,
  `updated_at` timestamp NULL DEFAULT NULL,
  `route` varchar(191) COLLATE utf8mb4_unicode_ci DEFAULT NULL,
  `parameters` text COLLATE utf8mb4_unicode_ci
) ENGINE=InnoDB DEFAULT CHARSET=utf8mb4 COLLATE=utf8mb4_unicode_ci;

--
-- Dumping data for table `menu_items`
--

INSERT INTO `menu_items` (`id`, `menu_id`, `title`, `url`, `target`, `icon_class`, `color`, `parent_id`, `order`, `created_at`, `updated_at`, `route`, `parameters`) VALUES
(1, 1, 'Dashboard', '', '_self', 'voyager-boat', '#74b9ff', NULL, 1, '2019-04-28 11:44:08', '2019-07-23 10:33:06', 'voyager.dashboard', 'null'),
(2, 1, 'Media', '', '_self', 'voyager-images', NULL, NULL, 9, '2019-04-28 11:44:08', '2019-07-06 12:25:51', 'voyager.media.index', NULL),
(3, 1, 'Users', '', '_self', 'voyager-person', '#00c7cc', NULL, 3, '2019-04-28 11:44:08', '2019-08-06 12:35:50', 'voyager.users.index', 'null'),
(4, 1, 'Roles', '', '_self', 'voyager-paperclip', '#da4141', NULL, 10, '2019-04-28 11:44:08', '2019-07-23 11:49:35', 'voyager.roles.index', 'null'),
(5, 1, 'Tools', '', '_self', 'voyager-tools', NULL, NULL, 11, '2019-04-28 11:44:08', '2019-07-06 12:25:51', NULL, NULL),
(6, 1, 'Menu Builder', '', '_self', 'voyager-list', NULL, 5, 1, '2019-04-28 11:44:08', '2019-04-28 12:21:11', 'voyager.menus.index', NULL),
(7, 1, 'Database', '', '_self', 'voyager-data', NULL, 5, 2, '2019-04-28 11:44:08', '2019-04-28 12:21:11', 'voyager.database.index', NULL),
(8, 1, 'Compass', '', '_self', 'voyager-compass', NULL, 5, 3, '2019-04-28 11:44:08', '2019-04-28 12:21:11', 'voyager.compass.index', NULL),
(9, 1, 'BREAD', '', '_self', 'voyager-bread', NULL, 5, 4, '2019-04-28 11:44:08', '2019-04-28 12:21:11', 'voyager.bread.index', NULL),
(10, 1, 'Settings', '', '_self', 'voyager-settings', NULL, NULL, 12, '2019-04-28 11:44:08', '2019-07-06 12:25:51', 'voyager.settings.index', NULL),
(12, 1, 'Posts', '', '_self', 'voyager-news', NULL, 24, 1, '2019-04-28 11:44:09', '2019-04-30 11:36:47', 'voyager.posts.index', NULL),
(13, 1, 'Pages', '', '_self', 'voyager-file-text', NULL, 12, 1, '2019-04-28 11:44:09', '2019-07-05 03:23:00', 'voyager.pages.index', NULL),
(14, 1, 'Hooks', '', '_self', 'voyager-hook', NULL, 5, 5, '2019-04-28 11:44:09', '2019-04-28 12:21:11', 'voyager.hooks', NULL),
(19, 1, 'Categories', '', '_self', 'voyager-tag', '#000000', NULL, 6, '2019-04-30 08:07:00', '2019-08-06 12:42:01', 'voyager.product-categories.index', 'null'),
(23, 1, 'Products', '', '_self', 'voyager-truck', '#000000', NULL, 5, '2019-04-30 09:44:52', '2019-08-06 12:41:42', 'voyager.products.index', 'null'),
(27, 1, 'Source Products', '', '_self', 'voyager-plus', '#000000', NULL, 8, '2019-07-04 12:56:17', '2019-08-06 12:42:21', 'voyager.source-products.index', 'null'),
(28, 1, 'Queries', '', '_self', 'voyager-question', '#000000', NULL, 7, '2019-07-06 11:46:24', '2019-08-06 12:42:11', 'voyager.product-queries.index', 'null'),
(29, 1, 'Sliders', '', '_self', 'voyager-images', '#000000', NULL, 4, '2019-07-06 13:38:51', '2019-08-06 12:41:29', 'voyager.slider-infos.index', 'null'),
(31, 1, 'About', '', '_self', 'voyager-info-circled', '#000000', NULL, 2, '2019-08-06 12:23:31', '2019-08-06 12:36:11', 'voyager.abouts.index', 'null');

-- --------------------------------------------------------

--
-- Table structure for table `migrations`
--

CREATE TABLE `migrations` (
  `id` int(10) UNSIGNED NOT NULL,
  `migration` varchar(191) COLLATE utf8mb4_unicode_ci NOT NULL,
  `batch` int(11) NOT NULL
) ENGINE=InnoDB DEFAULT CHARSET=utf8mb4 COLLATE=utf8mb4_unicode_ci;

--
-- Dumping data for table `migrations`
--

INSERT INTO `migrations` (`id`, `migration`, `batch`) VALUES
(1, '2014_10_12_000000_create_users_table', 1),
(2, '2014_10_12_100000_create_password_resets_table', 1),
(3, '2016_01_01_000000_add_voyager_user_fields', 1),
(4, '2016_01_01_000000_create_data_types_table', 1),
(5, '2016_05_19_173453_create_menu_table', 1),
(6, '2016_10_21_190000_create_roles_table', 1),
(7, '2016_10_21_190000_create_settings_table', 1),
(8, '2016_11_30_135954_create_permission_table', 1),
(9, '2016_11_30_141208_create_permission_role_table', 1),
(10, '2016_12_26_201236_data_types__add__server_side', 1),
(11, '2017_01_13_000000_add_route_to_menu_items_table', 1),
(12, '2017_01_14_005015_create_translations_table', 1),
(13, '2017_01_15_000000_make_table_name_nullable_in_permissions_table', 1),
(14, '2017_03_06_000000_add_controller_to_data_types_table', 1),
(15, '2017_04_21_000000_add_order_to_data_rows_table', 1),
(16, '2017_07_05_210000_add_policyname_to_data_types_table', 1),
(17, '2017_08_05_000000_add_group_to_settings_table', 1),
(18, '2017_11_26_013050_add_user_role_relationship', 1),
(19, '2017_11_26_015000_create_user_roles_table', 1),
(20, '2018_03_11_000000_add_user_settings', 1),
(21, '2018_03_14_000000_add_details_to_data_types_table', 1),
(22, '2018_03_16_000000_make_settings_value_nullable', 1),
(23, '2016_01_01_000000_create_pages_table', 2),
(24, '2016_01_01_000000_create_posts_table', 2),
(25, '2016_02_15_204651_create_categories_table', 2),
(26, '2017_04_11_000000_alter_post_nullable_fields_table', 2);

-- --------------------------------------------------------

--
-- Table structure for table `pages`
--

CREATE TABLE `pages` (
  `id` int(10) UNSIGNED NOT NULL,
  `author_id` int(11) NOT NULL,
  `title` varchar(191) COLLATE utf8mb4_unicode_ci NOT NULL,
  `excerpt` text COLLATE utf8mb4_unicode_ci,
  `body` text COLLATE utf8mb4_unicode_ci,
  `image` varchar(191) COLLATE utf8mb4_unicode_ci DEFAULT NULL,
  `slug` varchar(191) COLLATE utf8mb4_unicode_ci NOT NULL,
  `meta_description` text COLLATE utf8mb4_unicode_ci,
  `meta_keywords` text COLLATE utf8mb4_unicode_ci,
  `status` enum('ACTIVE','INACTIVE') COLLATE utf8mb4_unicode_ci NOT NULL DEFAULT 'INACTIVE',
  `created_at` timestamp NULL DEFAULT NULL,
  `updated_at` timestamp NULL DEFAULT NULL
) ENGINE=InnoDB DEFAULT CHARSET=utf8mb4 COLLATE=utf8mb4_unicode_ci;

--
-- Dumping data for table `pages`
--

INSERT INTO `pages` (`id`, `author_id`, `title`, `excerpt`, `body`, `image`, `slug`, `meta_description`, `meta_keywords`, `status`, `created_at`, `updated_at`) VALUES
(1, 0, 'Hello World', 'Hang the jib grog grog blossom grapple dance the hempen jig gangway pressgang bilge rat to go on account lugger. Nelsons folly gabion line draught scallywag fire ship gaff fluke fathom case shot. Sea Legs bilge rat sloop matey gabion long clothes run a shot across the bow Gold Road cog league.', '<p>Hello World. Scallywag grog swab Cat o\'nine tails scuttle rigging hardtack cable nipper Yellow Jack. Handsomely spirits knave lad killick landlubber or just lubber deadlights chantey pinnace crack Jennys tea cup. Provost long clothes black spot Yellow Jack bilged on her anchor league lateen sail case shot lee tackle.</p>\n<p>Ballast spirits fluke topmast me quarterdeck schooner landlubber or just lubber gabion belaying pin. Pinnace stern galleon starboard warp carouser to go on account dance the hempen jig jolly boat measured fer yer chains. Man-of-war fire in the hole nipperkin handsomely doubloon barkadeer Brethren of the Coast gibbet driver squiffy.</p>', 'pages/page1.jpg', 'hello-world', 'Yar Meta Description', 'Keyword1, Keyword2', 'ACTIVE', '2019-04-28 11:44:09', '2019-04-28 11:44:09');

-- --------------------------------------------------------

--
-- Table structure for table `password_resets`
--

CREATE TABLE `password_resets` (
  `email` varchar(191) COLLATE utf8mb4_unicode_ci NOT NULL,
  `token` varchar(191) COLLATE utf8mb4_unicode_ci NOT NULL,
  `created_at` timestamp NULL DEFAULT NULL
) ENGINE=InnoDB DEFAULT CHARSET=utf8mb4 COLLATE=utf8mb4_unicode_ci;

-- --------------------------------------------------------

--
-- Table structure for table `permissions`
--

CREATE TABLE `permissions` (
  `id` bigint(20) UNSIGNED NOT NULL,
  `key` varchar(191) COLLATE utf8mb4_unicode_ci NOT NULL,
  `table_name` varchar(191) COLLATE utf8mb4_unicode_ci DEFAULT NULL,
  `created_at` timestamp NULL DEFAULT NULL,
  `updated_at` timestamp NULL DEFAULT NULL
) ENGINE=InnoDB DEFAULT CHARSET=utf8mb4 COLLATE=utf8mb4_unicode_ci;

--
-- Dumping data for table `permissions`
--

INSERT INTO `permissions` (`id`, `key`, `table_name`, `created_at`, `updated_at`) VALUES
(1, 'browse_admin', NULL, '2019-04-28 11:44:08', '2019-04-28 11:44:08'),
(2, 'browse_bread', NULL, '2019-04-28 11:44:08', '2019-04-28 11:44:08'),
(3, 'browse_database', NULL, '2019-04-28 11:44:08', '2019-04-28 11:44:08'),
(4, 'browse_media', NULL, '2019-04-28 11:44:08', '2019-04-28 11:44:08'),
(5, 'browse_compass', NULL, '2019-04-28 11:44:08', '2019-04-28 11:44:08'),
(6, 'browse_menus', 'menus', '2019-04-28 11:44:08', '2019-04-28 11:44:08'),
(7, 'read_menus', 'menus', '2019-04-28 11:44:08', '2019-04-28 11:44:08'),
(8, 'edit_menus', 'menus', '2019-04-28 11:44:08', '2019-04-28 11:44:08'),
(9, 'add_menus', 'menus', '2019-04-28 11:44:08', '2019-04-28 11:44:08'),
(10, 'delete_menus', 'menus', '2019-04-28 11:44:08', '2019-04-28 11:44:08'),
(11, 'browse_roles', 'roles', '2019-04-28 11:44:08', '2019-04-28 11:44:08'),
(12, 'read_roles', 'roles', '2019-04-28 11:44:08', '2019-04-28 11:44:08'),
(13, 'edit_roles', 'roles', '2019-04-28 11:44:08', '2019-04-28 11:44:08'),
(14, 'add_roles', 'roles', '2019-04-28 11:44:08', '2019-04-28 11:44:08'),
(15, 'delete_roles', 'roles', '2019-04-28 11:44:08', '2019-04-28 11:44:08'),
(16, 'browse_users', 'users', '2019-04-28 11:44:08', '2019-04-28 11:44:08'),
(17, 'read_users', 'users', '2019-04-28 11:44:08', '2019-04-28 11:44:08'),
(18, 'edit_users', 'users', '2019-04-28 11:44:08', '2019-04-28 11:44:08'),
(19, 'add_users', 'users', '2019-04-28 11:44:08', '2019-04-28 11:44:08'),
(20, 'delete_users', 'users', '2019-04-28 11:44:08', '2019-04-28 11:44:08'),
(21, 'browse_settings', 'settings', '2019-04-28 11:44:08', '2019-04-28 11:44:08'),
(22, 'read_settings', 'settings', '2019-04-28 11:44:08', '2019-04-28 11:44:08'),
(23, 'edit_settings', 'settings', '2019-04-28 11:44:08', '2019-04-28 11:44:08'),
(24, 'add_settings', 'settings', '2019-04-28 11:44:08', '2019-04-28 11:44:08'),
(25, 'delete_settings', 'settings', '2019-04-28 11:44:08', '2019-04-28 11:44:08'),
(31, 'browse_posts', 'posts', '2019-04-28 11:44:09', '2019-04-28 11:44:09'),
(32, 'read_posts', 'posts', '2019-04-28 11:44:09', '2019-04-28 11:44:09'),
(33, 'edit_posts', 'posts', '2019-04-28 11:44:09', '2019-04-28 11:44:09'),
(34, 'add_posts', 'posts', '2019-04-28 11:44:09', '2019-04-28 11:44:09'),
(35, 'delete_posts', 'posts', '2019-04-28 11:44:09', '2019-04-28 11:44:09'),
(36, 'browse_pages', 'pages', '2019-04-28 11:44:09', '2019-04-28 11:44:09'),
(37, 'read_pages', 'pages', '2019-04-28 11:44:09', '2019-04-28 11:44:09'),
(38, 'edit_pages', 'pages', '2019-04-28 11:44:09', '2019-04-28 11:44:09'),
(39, 'add_pages', 'pages', '2019-04-28 11:44:09', '2019-04-28 11:44:09'),
(40, 'delete_pages', 'pages', '2019-04-28 11:44:09', '2019-04-28 11:44:09'),
(41, 'browse_hooks', NULL, '2019-04-28 11:44:09', '2019-04-28 11:44:09'),
(47, 'browse_slider_info', 'slider_info', '2019-04-28 12:29:26', '2019-04-28 12:29:26'),
(48, 'read_slider_info', 'slider_info', '2019-04-28 12:29:26', '2019-04-28 12:29:26'),
(49, 'edit_slider_info', 'slider_info', '2019-04-28 12:29:26', '2019-04-28 12:29:26'),
(50, 'add_slider_info', 'slider_info', '2019-04-28 12:29:26', '2019-04-28 12:29:26'),
(51, 'delete_slider_info', 'slider_info', '2019-04-28 12:29:26', '2019-04-28 12:29:26'),
(52, 'browse_slider_infos', 'slider_infos', '2019-04-28 12:33:27', '2019-04-28 12:33:27'),
(53, 'read_slider_infos', 'slider_infos', '2019-04-28 12:33:27', '2019-04-28 12:33:27'),
(54, 'edit_slider_infos', 'slider_infos', '2019-04-28 12:33:27', '2019-04-28 12:33:27'),
(55, 'add_slider_infos', 'slider_infos', '2019-04-28 12:33:27', '2019-04-28 12:33:27'),
(56, 'delete_slider_infos', 'slider_infos', '2019-04-28 12:33:27', '2019-04-28 12:33:27'),
(62, 'browse_product_categories', 'product_categories', '2019-04-30 08:07:00', '2019-04-30 08:07:00'),
(63, 'read_product_categories', 'product_categories', '2019-04-30 08:07:00', '2019-04-30 08:07:00'),
(64, 'edit_product_categories', 'product_categories', '2019-04-30 08:07:00', '2019-04-30 08:07:00'),
(65, 'add_product_categories', 'product_categories', '2019-04-30 08:07:00', '2019-04-30 08:07:00'),
(66, 'delete_product_categories', 'product_categories', '2019-04-30 08:07:00', '2019-04-30 08:07:00'),
(77, 'browse_products', 'products', '2019-04-30 09:44:52', '2019-04-30 09:44:52'),
(78, 'read_products', 'products', '2019-04-30 09:44:52', '2019-04-30 09:44:52'),
(79, 'edit_products', 'products', '2019-04-30 09:44:52', '2019-04-30 09:44:52'),
(80, 'add_products', 'products', '2019-04-30 09:44:52', '2019-04-30 09:44:52'),
(81, 'delete_products', 'products', '2019-04-30 09:44:52', '2019-04-30 09:44:52'),
(82, 'browse_basic_info', 'basic_info', '2019-05-20 09:43:14', '2019-05-20 09:43:14'),
(83, 'read_basic_info', 'basic_info', '2019-05-20 09:43:14', '2019-05-20 09:43:14'),
(84, 'edit_basic_info', 'basic_info', '2019-05-20 09:43:14', '2019-05-20 09:43:14'),
(85, 'add_basic_info', 'basic_info', '2019-05-20 09:43:14', '2019-05-20 09:43:14'),
(86, 'delete_basic_info', 'basic_info', '2019-05-20 09:43:14', '2019-05-20 09:43:14'),
(92, 'browse_source_products', 'source_products', '2019-07-04 12:56:17', '2019-07-04 12:56:17'),
(93, 'read_source_products', 'source_products', '2019-07-04 12:56:17', '2019-07-04 12:56:17'),
(94, 'edit_source_products', 'source_products', '2019-07-04 12:56:17', '2019-07-04 12:56:17'),
(95, 'add_source_products', 'source_products', '2019-07-04 12:56:17', '2019-07-04 12:56:17'),
(96, 'delete_source_products', 'source_products', '2019-07-04 12:56:17', '2019-07-04 12:56:17'),
(97, 'browse_product_queries', 'product_queries', '2019-07-06 11:46:24', '2019-07-06 11:46:24'),
(98, 'read_product_queries', 'product_queries', '2019-07-06 11:46:24', '2019-07-06 11:46:24'),
(99, 'edit_product_queries', 'product_queries', '2019-07-06 11:46:24', '2019-07-06 11:46:24'),
(100, 'add_product_queries', 'product_queries', '2019-07-06 11:46:24', '2019-07-06 11:46:24'),
(101, 'delete_product_queries', 'product_queries', '2019-07-06 11:46:24', '2019-07-06 11:46:24'),
(107, 'browse_abouts', 'abouts', '2019-08-06 12:23:31', '2019-08-06 12:23:31'),
(108, 'read_abouts', 'abouts', '2019-08-06 12:23:31', '2019-08-06 12:23:31'),
(109, 'edit_abouts', 'abouts', '2019-08-06 12:23:31', '2019-08-06 12:23:31'),
(110, 'add_abouts', 'abouts', '2019-08-06 12:23:31', '2019-08-06 12:23:31'),
(111, 'delete_abouts', 'abouts', '2019-08-06 12:23:31', '2019-08-06 12:23:31');

-- --------------------------------------------------------

--
-- Table structure for table `permission_role`
--

CREATE TABLE `permission_role` (
  `permission_id` bigint(20) UNSIGNED NOT NULL,
  `role_id` bigint(20) UNSIGNED NOT NULL
) ENGINE=InnoDB DEFAULT CHARSET=utf8mb4 COLLATE=utf8mb4_unicode_ci;

--
-- Dumping data for table `permission_role`
--

INSERT INTO `permission_role` (`permission_id`, `role_id`) VALUES
(1, 1),
(1, 3),
(2, 1),
(3, 1),
(4, 1),
(5, 1),
(6, 1),
(7, 1),
(8, 1),
(9, 1),
(10, 1),
(11, 1),
(11, 3),
(12, 1),
(12, 3),
(13, 1),
(13, 3),
(14, 1),
(14, 3),
(15, 1),
(16, 1),
(16, 3),
(17, 1),
(17, 3),
(18, 1),
(18, 3),
(19, 1),
(19, 3),
(20, 1),
(21, 1),
(22, 1),
(23, 1),
(24, 1),
(25, 1),
(31, 1),
(32, 1),
(33, 1),
(34, 1),
(35, 1),
(36, 1),
(36, 3),
(37, 1),
(38, 1),
(39, 1),
(40, 1),
(47, 1),
(47, 3),
(48, 1),
(48, 3),
(49, 1),
(49, 3),
(50, 1),
(50, 3),
(51, 1),
(51, 3),
(52, 1),
(52, 3),
(53, 1),
(54, 1),
(55, 1),
(56, 1),
(62, 1),
(62, 3),
(63, 1),
(63, 3),
(64, 1),
(64, 3),
(65, 1),
(65, 3),
(66, 1),
(66, 3),
(77, 1),
(77, 3),
(78, 1),
(78, 3),
(79, 1),
(79, 3),
(80, 1),
(80, 3),
(81, 1),
(81, 3),
(82, 1),
(83, 1),
(84, 1),
(85, 1),
(86, 1),
(92, 1),
(92, 3),
(93, 1),
(93, 3),
(94, 1),
(94, 3),
(95, 1),
(95, 3),
(96, 1),
(96, 3),
(97, 1),
(97, 3),
(98, 1),
(98, 3),
(99, 1),
(99, 3),
(100, 1),
(100, 3),
(101, 1),
(101, 3),
(107, 1),
(107, 3),
(108, 1),
(108, 3),
(109, 1),
(109, 3);

-- --------------------------------------------------------

--
-- Table structure for table `posts`
--

CREATE TABLE `posts` (
  `id` int(10) UNSIGNED NOT NULL,
  `author_id` int(11) NOT NULL,
  `category_id` int(11) DEFAULT NULL,
  `title` varchar(191) COLLATE utf8mb4_unicode_ci NOT NULL,
  `seo_title` varchar(191) COLLATE utf8mb4_unicode_ci DEFAULT NULL,
  `excerpt` text COLLATE utf8mb4_unicode_ci,
  `body` text COLLATE utf8mb4_unicode_ci NOT NULL,
  `image` varchar(191) COLLATE utf8mb4_unicode_ci DEFAULT NULL,
  `slug` varchar(191) COLLATE utf8mb4_unicode_ci NOT NULL,
  `meta_description` text COLLATE utf8mb4_unicode_ci,
  `meta_keywords` text COLLATE utf8mb4_unicode_ci,
  `status` enum('PUBLISHED','DRAFT','PENDING') COLLATE utf8mb4_unicode_ci NOT NULL DEFAULT 'DRAFT',
  `featured` tinyint(1) NOT NULL DEFAULT '0',
  `created_at` timestamp NULL DEFAULT NULL,
  `updated_at` timestamp NULL DEFAULT NULL
) ENGINE=InnoDB DEFAULT CHARSET=utf8mb4 COLLATE=utf8mb4_unicode_ci;

--
-- Dumping data for table `posts`
--

INSERT INTO `posts` (`id`, `author_id`, `category_id`, `title`, `seo_title`, `excerpt`, `body`, `image`, `slug`, `meta_description`, `meta_keywords`, `status`, `featured`, `created_at`, `updated_at`) VALUES
(1, 0, NULL, 'Lorem Ipsum Post', NULL, 'This is the excerpt for the Lorem Ipsum Post', '<p>This is the body of the lorem ipsum post</p>', 'posts/post1.jpg', 'lorem-ipsum-post', 'This is the meta description', 'keyword1, keyword2, keyword3', 'PUBLISHED', 0, '2019-04-28 11:44:09', '2019-04-28 11:44:09'),
(2, 0, NULL, 'My Sample Post', NULL, 'This is the excerpt for the sample Post', '<p>This is the body for the sample post, which includes the body.</p>\n                <h2>We can use all kinds of format!</h2>\n                <p>And include a bunch of other stuff.</p>', 'posts/post2.jpg', 'my-sample-post', 'Meta Description for sample post', 'keyword1, keyword2, keyword3', 'PUBLISHED', 0, '2019-04-28 11:44:09', '2019-04-28 11:44:09'),
(3, 0, NULL, 'Latest Post', NULL, 'This is the excerpt for the latest post', '<p>This is the body for the latest post</p>', 'posts/post3.jpg', 'latest-post', 'This is the meta description', 'keyword1, keyword2, keyword3', 'PUBLISHED', 0, '2019-04-28 11:44:09', '2019-04-28 11:44:09'),
(4, 0, NULL, 'Yarr Post', NULL, 'Reef sails nipperkin bring a spring upon her cable coffer jury mast spike marooned Pieces of Eight poop deck pillage. Clipper driver coxswain galleon hempen halter come about pressgang gangplank boatswain swing the lead. Nipperkin yard skysail swab lanyard Blimey bilge water ho quarter Buccaneer.', '<p>Swab deadlights Buccaneer fire ship square-rigged dance the hempen jig weigh anchor cackle fruit grog furl. Crack Jennys tea cup chase guns pressgang hearties spirits hogshead Gold Road six pounders fathom measured fer yer chains. Main sheet provost come about trysail barkadeer crimp scuttle mizzenmast brig plunder.</p>\n<p>Mizzen league keelhaul galleon tender cog chase Barbary Coast doubloon crack Jennys tea cup. Blow the man down lugsail fire ship pinnace cackle fruit line warp Admiral of the Black strike colors doubloon. Tackle Jack Ketch come about crimp rum draft scuppers run a shot across the bow haul wind maroon.</p>\n<p>Interloper heave down list driver pressgang holystone scuppers tackle scallywag bilged on her anchor. Jack Tar interloper draught grapple mizzenmast hulk knave cable transom hogshead. Gaff pillage to go on account grog aft chase guns piracy yardarm knave clap of thunder.</p>', 'posts/post4.jpg', 'yarr-post', 'this be a meta descript', 'keyword1, keyword2, keyword3', 'PUBLISHED', 0, '2019-04-28 11:44:09', '2019-04-28 11:44:09');

-- --------------------------------------------------------

--
-- Table structure for table `products`
--

CREATE TABLE `products` (
  `id` int(11) NOT NULL,
  `web_url` text,
  `name` text,
  `brand` text,
  `category_id` int(11) NOT NULL,
  `primary_image` text,
  `other_images` text,
  `description` longtext,
  `minimum_orders` text NOT NULL,
  `unit` text,
  `start_price` float NOT NULL,
  `end_price` float NOT NULL,
  `is_featured` tinyint(1) NOT NULL,
  `tags` text,
  `views` int(11) NOT NULL DEFAULT '0',
  `text_one_title` text,
  `text_one_text` text,
  `text_two_title` text,
  `text_two_text` text,
  `text_three_title` text,
  `text_three_text` text,
  `created_at` timestamp NOT NULL DEFAULT CURRENT_TIMESTAMP ON UPDATE CURRENT_TIMESTAMP,
  `updated_at` timestamp NOT NULL DEFAULT '0000-00-00 00:00:00'
) ENGINE=InnoDB DEFAULT CHARSET=latin1;

--
-- Dumping data for table `products`
--

INSERT INTO `products` (`id`, `web_url`, `name`, `brand`, `category_id`, `primary_image`, `other_images`, `description`, `minimum_orders`, `unit`, `start_price`, `end_price`, `is_featured`, `tags`, `views`, `text_one_title`, `text_one_text`, `text_two_title`, `text_two_text`, `text_three_title`, `text_three_text`, `created_at`, `updated_at`) VALUES
(15, 'https://www.alibaba.com/product-detail/98-Inch-interactive-touch-screen-all_60767917929.html?spm=a2700.galleryofferlist.normalList.1.57c23bf8Ez1x73&s=p', '98 Inch interactive touch screen all in one Pc for kinder garden China ', NULL, 14, '//sc01.alicdn.com/kf/HTB1B1sCbXyZBuNjt_jJq6zDlXXan/98-Inch-interactive-touch-screen-all-in.jpg', '[\"https:\\/\\/img.alicdn.com\\/imgextra\\/i2\\/6000000006607\\/TB2RHMYwDJYBeNjy1zeXXahzVXa_!!6000000006607-0-tbvideo.jpg\",\"\\/\\/sc01.alicdn.com\\/kf\\/HTB1B1sCbXyZBuNjt_jJq6zDlXXan\\/98-Inch-interactive-touch-screen-all-in.jpg_350x350.jpg\",\"\\/\\/sc02.alicdn.com\\/kf\\/HTB18WYcCf1TBuNjy0Fjq6yjyXXas\\/98-Inch-interactive-touch-screen-all-in.jpg_350x350.jpg\",\"\\/\\/sc02.alicdn.com\\/kf\\/HTB1jaqTh_qWBKNjSZFAq6ynSpXa1\\/98-Inch-interactive-touch-screen-all-in.jpg_350x350.jpg\",\"\\/\\/sc01.alicdn.com\\/kf\\/HTB1Bx3.hP7nBKNjSZLeq6zxCFXaF\\/98-Inch-interactive-touch-screen-all-in.jpg_350x350.jpg\",\"\\/\\/sc01.alicdn.com\\/kf\\/HTB1WiUztIuYBuNkSmRyq6AA3pXaL\\/98-Inch-interactive-touch-screen-all-in.jpg_350x350.jpg\",\"\\/\\/sc01.alicdn.com\\/kf\\/HTB1pkBDCkyWBuNjy0Fpq6yssXXav\\/98-Inch-interactive-touch-screen-all-in.jpg_350x350.jpg\"]', '<div class=\"scc-wrapper detail-module module-productSpecification\" data-spm=\"pronpeci14\"><!--false | 60767917929 | -->\r\n<div id=\"J-rich-text-description\" class=\"richtext richtext-detail rich-text-description\">\r\n<p><img data-src=\"//sc01.alicdn.com/kf/HTB1uJHgXjDuK1RjSszdq6xGLpXaZ/233923247/HTB1uJHgXjDuK1RjSszdq6xGLpXaZ.jpg\" data-width=\"750\" data-height=\"394\" /><noscript><img src=\"\" width=\"750\" height=\"394\"></noscript></p>\r\n<div id=\"ali-anchor-AliPostDhMb-mtzl7\" style=\"padding-top: 8px;\" data-section=\"AliPostDhMb-mtzl7\" data-section-title=\"PRODUCT DISPLAY\">\r\n<div id=\"ali-title-AliPostDhMb-mtzl7\" style=\"padding: 8px 0; border-bottom: 1px solid #ddd;\"><span style=\"background-color: #ddd; color: #333; font-weight: bold; padding: 8px 10px; line-height: 12px;\">PRODUCT DISPLAY</span></div>\r\n<div style=\"padding: 10px 0;\">\r\n<p><img data-src=\"//sc02.alicdn.com/kf/HTB1kzLhXdfvK1RjSspoq6zfNpXap/233923247/HTB1kzLhXdfvK1RjSspoq6zfNpXap.jpg\" data-width=\"750\" data-height=\"672\" /><img src=\"//sc01.alicdn.com/kf/HTB1uJHgXjDuK1RjSszdq6xGLpXaZ/233923247/HTB1uJHgXjDuK1RjSszdq6xGLpXaZ.jpg\" width=\"750\" height=\"394\" /><noscript><img src=\"\" width=\"750\" height=\"672\"></noscript><img data-src=\"//sc02.alicdn.com/kf/HTB1_bLfXfLsK1Rjy0Fbq6xSEXXac/233923247/HTB1_bLfXfLsK1Rjy0Fbq6xSEXXac.jpg\" data-width=\"750\" data-height=\"953\" /><img src=\"//sc02.alicdn.com/kf/HTB1kzLhXdfvK1RjSspoq6zfNpXap/233923247/HTB1kzLhXdfvK1RjSspoq6zfNpXap.jpg\" width=\"750\" height=\"672\" /><noscript><img src=\"\" width=\"750\" height=\"953\"></noscript>&nbsp;</p>\r\n<table style=\"border: 1px dashed #bbbbbb; color: #000000; font-family: Arial; font-size: 12px; font-style: normal; font-weight: normal; box-sizing: content-box; margin: 0px 0px 0px 4.65pt; padding: 0px; line-height: inherit; border-collapse: collapse; width: 729px; background-color: #f5f5f5; height: 385px;\">\r\n<tbody>\r\n<tr style=\"box-sizing: content-box; margin: 0px; padding: 0px; font-style: inherit; font-weight: inherit; font-size: 12px; line-height: inherit; height: 22.7pt;\">\r\n<td style=\"font-family: Verdana, Arial, Helvetica, sans-serif; font-size: 12px; color: #000000; margin: 8px; border: 1pt solid windowtext; background: #ffffff; box-sizing: content-box; padding: 0.75pt; font-style: inherit; font-weight: 400; line-height: inherit; float: none; width: 180.188px;\" valign=\"center\">\r\n<p style=\"margin: 0px; padding: 0px; box-sizing: content-box; border: 0px; font-style: inherit; font-weight: inherit; font-size: inherit; line-height: 13.5pt; vertical-align: baseline; text-align: left;\"><span style=\"font-family: arial, helvetica, sans-serif; font-size: 16px;\"><strong><span style=\"line-height: 24px; box-sizing: content-box; margin: 0px; padding: 0px; border: 0px; font-style: inherit; vertical-align: baseline; color: #000000;\">&nbsp;Model</span></strong></span></p>\r\n</td>\r\n<td style=\"font-family: Verdana, Arial, Helvetica, sans-serif; font-size: 12px; color: #000000; margin: 8px; border-top: 1pt solid windowtext; border-right: 1pt solid windowtext; border-bottom: 1pt solid windowtext; border-left: none; background: #ffffff; box-sizing: content-box; padding: 0.75pt; font-style: inherit; font-weight: 400; line-height: inherit; float: none; width: 541.813px;\" valign=\"center\">\r\n<p style=\"margin: 0px; padding: 0px; box-sizing: content-box; border: 0px; font-style: inherit; font-weight: inherit; font-size: inherit; line-height: 13.5pt; vertical-align: baseline; text-align: left;\"><span style=\"line-height: 24px; box-sizing: content-box; margin: 0px; padding: 0px; border: 0px; font-style: inherit; font-weight: inherit; font-size: 16px; vertical-align: baseline; color: #000000; font-family: arial, helvetica, sans-serif;\">&nbsp;YC980-JX</span></p>\r\n</td>\r\n</tr>\r\n<tr style=\"box-sizing: content-box; margin: 0px; padding: 0px; font-style: inherit; font-weight: inherit; font-size: 12px; line-height: inherit; height: 22.7pt;\">\r\n<td style=\"font-family: Verdana, Arial, Helvetica, sans-serif; font-size: 12px; color: #000000; margin: 8px; border-top: none; border-right: 1pt solid windowtext; border-bottom: 1pt solid windowtext; border-left: 1pt solid windowtext; background: #ffffff; box-sizing: content-box; padding: 0.75pt; font-style: inherit; font-weight: 400; line-height: inherit; float: none; width: 180.188px;\" valign=\"center\">\r\n<p style=\"margin: 0px; padding: 0px; box-sizing: content-box; border: 0px; font-style: inherit; font-weight: inherit; font-size: inherit; line-height: 13.5pt; vertical-align: baseline; text-align: left;\"><span style=\"font-family: arial, helvetica, sans-serif; font-size: 16px;\"><strong><span style=\"line-height: 24px; box-sizing: content-box; margin: 0px; padding: 0px; border: 0px; font-style: inherit; vertical-align: baseline; color: #000000;\">&nbsp;Screen&nbsp;Size</span></strong></span></p>\r\n</td>\r\n<td style=\"font-family: Verdana, Arial, Helvetica, sans-serif; font-size: 12px; color: #000000; margin: 8px; border-top: none; border-right: 1pt solid windowtext; border-bottom: 1pt solid windowtext; border-left: none; background: #ffffff; box-sizing: content-box; padding: 0.75pt; font-style: inherit; font-weight: 400; line-height: inherit; float: none; width: 541.813px;\" valign=\"center\">\r\n<p style=\"margin: 0px; padding: 0px; box-sizing: content-box; border: 0px; font-style: inherit; font-weight: inherit; font-size: inherit; line-height: 13.5pt; vertical-align: baseline; text-align: left;\"><span style=\"line-height: 24px; box-sizing: content-box; margin: 0px; padding: 0px; border: 0px; font-style: inherit; font-weight: inherit; font-size: 16px; vertical-align: baseline; color: #000000; font-family: arial, helvetica, sans-serif;\">&nbsp;98\"</span></p>\r\n</td>\r\n</tr>\r\n<tr style=\"box-sizing: content-box; margin: 0px; padding: 0px; font-style: inherit; font-weight: inherit; font-size: 12px; line-height: inherit; height: 22.7pt;\">\r\n<td style=\"font-family: Verdana, Arial, Helvetica, sans-serif; font-size: 12px; color: #000000; margin: 8px; border-top: none; border-right: 1pt solid windowtext; border-bottom: 1pt solid windowtext; border-left: 1pt solid windowtext; background: #ffffff; box-sizing: content-box; padding: 0.75pt; font-style: inherit; font-weight: 400; line-height: inherit; float: none; width: 180.188px;\" valign=\"center\">\r\n<p style=\"margin: 0px; padding: 0px; box-sizing: content-box; border: 0px; font-style: inherit; font-weight: inherit; font-size: inherit; line-height: 13.5pt; vertical-align: baseline; text-align: left;\"><span style=\"font-family: arial, helvetica, sans-serif; font-size: 16px;\"><strong><span style=\"line-height: 24px; box-sizing: content-box; margin: 0px; padding: 0px; border: 0px; font-style: inherit; vertical-align: baseline; color: #000000;\">&nbsp;Frame Material</span></strong></span></p>\r\n</td>\r\n<td style=\"font-family: Verdana, Arial, Helvetica, sans-serif; font-size: 12px; color: #000000; margin: 8px; border-top: none; border-right: 1pt solid windowtext; border-bottom: 1pt solid windowtext; border-left: none; background: #ffffff; box-sizing: content-box; padding: 0.75pt; font-style: inherit; font-weight: 400; line-height: inherit; float: none; width: 541.813px;\" valign=\"center\">\r\n<p style=\"margin: 0px; padding: 0px; box-sizing: content-box; border: 0px; font-style: inherit; font-weight: inherit; font-size: inherit; line-height: 13.5pt; vertical-align: baseline; text-align: left;\"><span style=\"line-height: 27px; font-family: arial, helvetica, sans-serif; font-size: 16px;\"><span style=\"line-height: 24px; box-sizing: content-box; margin: 0px; padding: 0px; border: 0px; font-style: inherit; font-weight: inherit; vertical-align: baseline; color: #000000;\">&nbsp;Aluminum&nbsp;</span><span style=\"line-height: 24px; box-sizing: content-box; margin: 0px; padding: 0px; border: 0px; font-style: inherit; font-weight: inherit; vertical-align: baseline; color: #000000;\">A</span><span style=\"line-height: 24px; box-sizing: content-box; margin: 0px; padding: 0px; border: 0px; font-style: inherit; font-weight: inherit; vertical-align: baseline; color: #000000;\">lloy</span></span></p>\r\n</td>\r\n</tr>\r\n<tr style=\"box-sizing: content-box; margin: 0px; padding: 0px; font-style: inherit; font-weight: inherit; font-size: 12px; line-height: inherit; height: 22.7pt;\">\r\n<td style=\"font-family: Verdana, Arial, Helvetica, sans-serif; font-size: 12px; color: #000000; margin: 8px; border-top: none; border-right: 1pt solid windowtext; border-bottom: 1pt solid windowtext; border-left: 1pt solid windowtext; background: #ffffff; box-sizing: content-box; padding: 0.75pt; font-style: inherit; font-weight: 400; line-height: inherit; float: none; width: 180.188px;\" valign=\"center\">\r\n<p style=\"margin: 0px; padding: 0px; box-sizing: content-box; border: 0px; font-style: inherit; font-weight: inherit; font-size: inherit; line-height: 13.5pt; vertical-align: baseline; text-align: left;\"><span style=\"font-family: arial, helvetica, sans-serif; font-size: 16px;\"><strong><span style=\"line-height: 24px; box-sizing: content-box; margin: 0px; padding: 0px; border: 0px; font-style: inherit; vertical-align: baseline; color: #000000;\">&nbsp;Sensing Type</span></strong></span></p>\r\n</td>\r\n<td style=\"font-family: Verdana, Arial, Helvetica, sans-serif; font-size: 12px; color: #000000; margin: 8px; border-top: none; border-right: 1pt solid windowtext; border-bottom: 1pt solid windowtext; border-left: none; background: #ffffff; box-sizing: content-box; padding: 0.75pt; font-style: inherit; font-weight: 400; line-height: inherit; float: none; width: 541.813px;\" valign=\"center\">\r\n<p style=\"margin: 0px; padding: 0px; box-sizing: content-box; border: 0px; font-style: inherit; font-weight: inherit; font-size: inherit; line-height: 13.5pt; vertical-align: baseline; text-align: left;\"><span style=\"line-height: 24px; box-sizing: content-box; margin: 0px; padding: 0px; border: 0px; font-style: inherit; font-weight: inherit; font-size: 16px; vertical-align: baseline; color: #000000; font-family: arial, helvetica, sans-serif;\">&nbsp;10 Points Infrared Touch</span></p>\r\n</td>\r\n</tr>\r\n<tr style=\"box-sizing: content-box; margin: 0px; padding: 0px; font-style: inherit; font-weight: inherit; font-size: 12px; line-height: inherit; height: 22.7pt;\">\r\n<td style=\"font-family: Verdana, Arial, Helvetica, sans-serif; font-size: 12px; color: #000000; margin: 8px; border-top: none; border-right: 1pt solid windowtext; border-bottom: 1pt solid windowtext; border-left: 1pt solid windowtext; background: #ffffff; box-sizing: content-box; padding: 0.75pt; font-style: inherit; font-weight: 400; line-height: inherit; float: none; width: 180.188px;\" valign=\"center\">\r\n<p style=\"margin: 0px; padding: 0px; box-sizing: content-box; border: 0px; font-style: inherit; font-weight: inherit; font-size: inherit; line-height: 13.5pt; vertical-align: baseline; text-align: left;\"><span style=\"font-family: arial, helvetica, sans-serif; font-size: 16px;\"><strong><span style=\"line-height: 24px; box-sizing: content-box; margin: 0px; padding: 0px; border: 0px; font-style: inherit; vertical-align: baseline; color: #000000;\">&nbsp;OS</span></strong></span></p>\r\n</td>\r\n<td style=\"font-family: Verdana, Arial, Helvetica, sans-serif; font-size: 12px; color: #000000; margin: 8px; border-top: none; border-right: 1pt solid windowtext; border-bottom: 1pt solid windowtext; border-left: none; background: #ffffff; box-sizing: content-box; padding: 0.75pt; font-style: inherit; font-weight: 400; line-height: inherit; float: none; width: 541.813px;\" valign=\"center\">\r\n<p style=\"margin: 0px; padding: 0px; box-sizing: content-box; border: 0px; font-style: inherit; font-weight: inherit; font-size: inherit; line-height: 13.5pt; vertical-align: baseline; text-align: left;\"><span style=\"line-height: 24px; box-sizing: content-box; margin: 0px; padding: 0px; border: 0px; font-style: inherit; font-weight: inherit; font-size: 16px; vertical-align: baseline; color: #000000; font-family: arial, helvetica, sans-serif;\">&nbsp;WIN7/WIN8/WIN10/Android (Optional)</span></p>\r\n</td>\r\n</tr>\r\n<tr style=\"box-sizing: content-box; margin: 0px; padding: 0px; font-style: inherit; font-weight: inherit; font-size: 12px; line-height: inherit; height: 22.7pt;\">\r\n<td style=\"font-family: Verdana, Arial, Helvetica, sans-serif; font-size: 12px; color: #000000; margin: 8px; border-top: none; border-right: 1pt solid windowtext; border-bottom: 1pt solid windowtext; border-left: 1pt solid windowtext; background: #ffffff; box-sizing: content-box; padding: 0.75pt; font-style: inherit; font-weight: 400; line-height: inherit; float: none; width: 180.188px;\" valign=\"center\">\r\n<p style=\"margin: 0px; padding: 0px; box-sizing: content-box; border: 0px; font-style: inherit; font-weight: inherit; font-size: inherit; line-height: 13.5pt; vertical-align: baseline; text-align: left;\"><span style=\"font-family: arial, helvetica, sans-serif; font-size: 16px;\"><strong><span style=\"line-height: 24px; box-sizing: content-box; margin: 0px; padding: 0px; border: 0px; font-style: inherit; vertical-align: baseline; color: #000000;\">&nbsp;Lanuage</span></strong></span></p>\r\n</td>\r\n<td style=\"font-family: Verdana, Arial, Helvetica, sans-serif; font-size: 12px; color: #000000; margin: 8px; border-top: none; border-right: 1pt solid windowtext; border-bottom: 1pt solid windowtext; border-left: none; background: #ffffff; box-sizing: content-box; padding: 0.75pt; font-style: inherit; font-weight: 400; line-height: inherit; float: none; width: 541.813px;\" valign=\"center\">\r\n<p style=\"margin: 0px; padding: 0px; box-sizing: content-box; border: 0px; font-style: inherit; font-weight: inherit; font-size: inherit; line-height: 13.5pt; vertical-align: baseline; text-align: left;\"><span style=\"line-height: 24px; box-sizing: content-box; margin: 0px; padding: 0px; border: 0px; font-style: inherit; font-weight: inherit; font-size: 16px; vertical-align: baseline; color: #000000; font-family: arial, helvetica, sans-serif;\">&nbsp;English</span></p>\r\n</td>\r\n</tr>\r\n<tr style=\"box-sizing: content-box; margin: 0px; padding: 0px; font-style: inherit; font-weight: inherit; font-size: 12px; line-height: inherit; height: 22.7pt;\">\r\n<td style=\"font-family: Verdana, Arial, Helvetica, sans-serif; font-size: 12px; color: #000000; margin: 8px; border-top: none; border-right: 1pt solid windowtext; border-bottom: 1pt solid windowtext; border-left: 1pt solid windowtext; background: #ffffff; box-sizing: content-box; padding: 0.75pt; font-style: inherit; font-weight: 400; line-height: inherit; float: none; width: 180.188px;\" valign=\"center\">\r\n<p style=\"margin: 0px; padding: 0px; box-sizing: content-box; border: 0px; font-style: inherit; font-weight: inherit; font-size: inherit; line-height: 13.5pt; vertical-align: baseline; text-align: left;\"><span style=\"font-family: arial, helvetica, sans-serif; font-size: 16px;\"><strong><span style=\"line-height: 24px; box-sizing: content-box; margin: 0px; padding: 0px; border: 0px; font-style: inherit; vertical-align: baseline; color: #000000;\">&nbsp;Product Size</span></strong></span></p>\r\n</td>\r\n<td style=\"font-family: Verdana, Arial, Helvetica, sans-serif; font-size: 12px; color: #000000; margin: 8px; border-top: none; border-right: 1pt solid windowtext; border-bottom: 1pt solid windowtext; border-left: none; background: #ffffff; box-sizing: content-box; padding: 0.75pt; font-style: inherit; font-weight: 400; line-height: inherit; float: none; width: 541.813px;\" valign=\"center\">\r\n<p style=\"margin: 0px; padding: 0px; box-sizing: content-box; border: 0px; font-style: inherit; font-weight: inherit; font-size: inherit; line-height: 13.5pt; vertical-align: baseline; text-align: left;\"><span style=\"line-height: 24px; box-sizing: content-box; margin: 0px; padding: 0px; border: 0px; font-style: inherit; font-weight: inherit; font-size: 16px; vertical-align: baseline; color: #000000; font-family: arial, helvetica, sans-serif;\">&nbsp;2211*1266*98mm</span></p>\r\n</td>\r\n</tr>\r\n<tr style=\"box-sizing: content-box; margin: 0px; padding: 0px; font-style: inherit; font-weight: inherit; font-size: 12px; line-height: inherit; height: 22.7pt;\">\r\n<td style=\"font-family: Verdana, Arial, Helvetica, sans-serif; font-size: 12px; color: #000000; margin: 8px; border-top: none; border-right: 1pt solid windowtext; border-bottom: 1pt solid windowtext; border-left: 1pt solid windowtext; background: #ffffff; box-sizing: content-box; padding: 0.75pt; font-style: inherit; font-weight: 400; line-height: inherit; float: none; width: 180.188px;\" valign=\"center\">\r\n<p style=\"margin: 0px; padding: 0px; box-sizing: content-box; border: 0px; font-style: inherit; font-weight: inherit; font-size: inherit; line-height: 13.5pt; vertical-align: baseline; text-align: left;\"><span style=\"font-family: arial, helvetica, sans-serif; font-size: 16px;\"><strong><span style=\"line-height: 24px; box-sizing: content-box; margin: 0px; padding: 0px; border: 0px; font-style: inherit; vertical-align: baseline; color: #000000;\">&nbsp;Net Weight</span></strong></span></p>\r\n</td>\r\n<td style=\"font-family: Verdana, Arial, Helvetica, sans-serif; font-size: 12px; color: #000000; margin: 8px; border-top: none; border-right: 1pt solid windowtext; border-bottom: 1pt solid windowtext; border-left: none; background: #ffffff; box-sizing: content-box; padding: 0.75pt; font-style: inherit; font-weight: 400; line-height: inherit; float: none; width: 541.813px;\" valign=\"center\">\r\n<p style=\"margin: 0px; padding: 0px; box-sizing: content-box; border: 0px; font-style: inherit; font-weight: inherit; font-size: inherit; line-height: 13.5pt; vertical-align: baseline; text-align: left;\"><span style=\"line-height: 24px; box-sizing: content-box; margin: 0px; padding: 0px; border: 0px; font-style: inherit; font-weight: inherit; font-size: 16px; vertical-align: baseline; color: #000000; font-family: arial, helvetica, sans-serif;\">&nbsp;178Kg</span></p>\r\n</td>\r\n</tr>\r\n<tr style=\"box-sizing: content-box; margin: 0px; padding: 0px; font-style: inherit; font-weight: inherit; font-size: 12px; line-height: inherit; height: 22.7pt;\">\r\n<td style=\"font-family: Verdana, Arial, Helvetica, sans-serif; font-size: 12px; color: #000000; margin: 8px; border-top: none; border-right: 1pt solid windowtext; border-bottom: 1pt solid windowtext; border-left: 1pt solid windowtext; background: #ffffff; box-sizing: content-box; padding: 0.75pt; font-style: inherit; font-weight: 400; line-height: inherit; float: none; width: 180.188px;\" valign=\"center\">\r\n<p style=\"margin: 0px; padding: 0px; box-sizing: content-box; border: 0px; font-style: inherit; font-weight: inherit; font-size: inherit; line-height: 13.5pt; vertical-align: baseline; text-align: left;\"><span style=\"font-family: arial, helvetica, sans-serif; font-size: 16px;\"><strong><span style=\"line-height: 24px; box-sizing: content-box; margin: 0px; padding: 0px; border: 0px; font-style: inherit; vertical-align: baseline; color: #000000;\">&nbsp;Gross Weight</span></strong></span></p>\r\n</td>\r\n<td style=\"font-family: Verdana, Arial, Helvetica, sans-serif; font-size: 12px; color: #000000; margin: 8px; border-top: none; border-right: 1pt solid windowtext; border-bottom: 1pt solid windowtext; border-left: none; background: #ffffff; box-sizing: content-box; padding: 0.75pt; font-style: inherit; font-weight: 400; line-height: inherit; float: none; width: 541.813px;\" valign=\"center\">\r\n<p style=\"margin: 0px; padding: 0px; box-sizing: content-box; border: 0px; font-style: inherit; font-weight: inherit; font-size: inherit; line-height: 13.5pt; vertical-align: baseline; text-align: left;\"><span style=\"line-height: 24px; box-sizing: content-box; margin: 0px; padding: 0px; border: 0px; font-style: inherit; font-weight: inherit; font-size: 16px; vertical-align: baseline; color: #000000; font-family: arial, helvetica, sans-serif;\">&nbsp;203Kg &nbsp;</span></p>\r\n</td>\r\n</tr>\r\n<tr style=\"box-sizing: content-box; margin: 0px; padding: 0px; font-style: inherit; font-weight: inherit; font-size: 12px; line-height: inherit; height: 22.7pt;\">\r\n<td style=\"font-family: Verdana, Arial, Helvetica, sans-serif; font-size: 12px; color: #000000; margin: 8px; border-top: none; border-right: 1pt solid windowtext; border-bottom: 1pt solid windowtext; border-left: 1pt solid windowtext; background: #ffffff; box-sizing: content-box; padding: 0.75pt; font-style: inherit; font-weight: 400; line-height: inherit; float: none; width: 180.188px;\" valign=\"center\">\r\n<p style=\"margin: 0px; padding: 0px; box-sizing: content-box; border: 0px; font-style: inherit; font-weight: inherit; font-size: inherit; line-height: 13.5pt; vertical-align: baseline; text-align: left;\"><span style=\"font-family: arial, helvetica, sans-serif; font-size: 16px;\"><strong><span style=\"line-height: 24px; box-sizing: content-box; margin: 0px; padding: 0px; border: 0px; font-style: inherit; vertical-align: baseline; color: #000000;\">&nbsp;Resolution</span></strong></span></p>\r\n</td>\r\n<td style=\"font-family: Verdana, Arial, Helvetica, sans-serif; font-size: 12px; color: #000000; margin: 8px; border-top: none; border-right: 1pt solid windowtext; border-bottom: 1pt solid windowtext; border-left: none; background: #ffffff; box-sizing: content-box; padding: 0.75pt; font-style: inherit; font-weight: 400; line-height: inherit; float: none; width: 541.813px;\" valign=\"center\">\r\n<p style=\"margin: 0px; padding: 0px; box-sizing: content-box; border: 0px; font-style: inherit; font-weight: inherit; font-size: inherit; line-height: 13.5pt; vertical-align: baseline; text-align: left;\"><span style=\"line-height: 24px; box-sizing: content-box; margin: 0px; padding: 0px; border: 0px; font-style: inherit; font-weight: inherit; font-size: 16px; vertical-align: baseline; color: #000000; font-family: arial, helvetica, sans-serif;\">&nbsp;UHD 4K 3840*2160</span></p>\r\n</td>\r\n</tr>\r\n<tr style=\"box-sizing: content-box; margin: 0px; padding: 0px; font-style: inherit; font-weight: inherit; font-size: 12px; line-height: inherit; height: 22.7pt;\">\r\n<td style=\"font-family: Verdana, Arial, Helvetica, sans-serif; font-size: 12px; color: #000000; margin: 8px; border-top: none; border-right: 1pt solid windowtext; border-bottom: 1pt solid windowtext; border-left: 1pt solid windowtext; background: #ffffff; box-sizing: content-box; padding: 0.75pt; font-style: inherit; font-weight: 400; line-height: inherit; float: none; width: 180.188px;\" valign=\"center\">\r\n<p style=\"margin: 0px; padding: 0px; box-sizing: content-box; border: 0px; font-style: inherit; font-weight: inherit; font-size: inherit; line-height: 13.5pt; vertical-align: baseline; text-align: left;\"><span style=\"font-family: arial, helvetica, sans-serif; font-size: 16px;\"><strong><span style=\"line-height: 24px; box-sizing: content-box; margin: 0px; padding: 0px; border: 0px; font-style: inherit; vertical-align: baseline; color: #000000;\">&nbsp;Power&nbsp;</span></strong></span></p>\r\n</td>\r\n<td style=\"font-family: Verdana, Arial, Helvetica, sans-serif; font-size: 12px; color: #000000; margin: 8px; border-top: none; border-right: 1pt solid windowtext; border-bottom: 1pt solid windowtext; border-left: none; background: #ffffff; box-sizing: content-box; padding: 0.75pt; font-style: inherit; font-weight: 400; line-height: inherit; float: none; width: 541.813px;\" valign=\"center\">\r\n<p style=\"margin: 0px; padding: 0px; box-sizing: content-box; border: 0px; font-style: inherit; font-weight: inherit; font-size: inherit; line-height: 13.5pt; vertical-align: baseline; text-align: left;\"><span style=\"line-height: 24px; box-sizing: content-box; margin: 0px; padding: 0px; border: 0px; font-style: inherit; font-weight: inherit; font-size: 16px; vertical-align: baseline; color: #000000; font-family: arial, helvetica, sans-serif;\">&nbsp;100V~240V,&nbsp;60/50Hz</span></p>\r\n</td>\r\n</tr>\r\n</tbody>\r\n</table>\r\n</div>\r\n</div>\r\n<div id=\"ali-anchor-AliPostDhMb-530dk\" style=\"padding-top: 8px;\" data-section=\"AliPostDhMb-530dk\" data-section-title=\"OUR ADVANTAGE\">\r\n<div id=\"ali-title-AliPostDhMb-530dk\" style=\"padding: 8px 0; border-bottom: 1px solid #ddd;\"><span style=\"background-color: #ddd; color: #333; font-weight: bold; padding: 8px 10px; line-height: 12px;\">OUR ADVANTAGE</span></div>\r\n<div style=\"padding: 10px 0;\">\r\n<p><img data-src=\"//sc02.alicdn.com/kf/HTB1.nHfXizxK1RjSspjq6AS.pXaP/233923247/HTB1.nHfXizxK1RjSspjq6AS.pXaP.jpg\" data-width=\"750\" data-height=\"624\" /><img src=\"//sc02.alicdn.com/kf/HTB1_bLfXfLsK1Rjy0Fbq6xSEXXac/233923247/HTB1_bLfXfLsK1Rjy0Fbq6xSEXXac.jpg\" width=\"750\" height=\"953\" /><noscript><img src=\"\" width=\"750\" height=\"624\"></noscript><img data-src=\"//sc01.alicdn.com/kf/HTB1ORg3dmzqK1RjSZPcq6zTepXar/233923247/HTB1ORg3dmzqK1RjSZPcq6zTepXar.jpg\" data-width=\"750\" data-height=\"520\" /><img src=\"//sc02.alicdn.com/kf/HTB1.nHfXizxK1RjSspjq6AS.pXaP/233923247/HTB1.nHfXizxK1RjSspjq6AS.pXaP.jpg\" width=\"750\" height=\"624\" /><noscript><img src=\"\" width=\"750\" height=\"520\"></noscript><img data-src=\"//sc02.alicdn.com/kf/HTB1CY4ldxnaK1RjSZFBq6AW7VXas/233923247/HTB1CY4ldxnaK1RjSZFBq6AW7VXas.jpg\" data-width=\"750\" data-height=\"686\" /><img src=\"//sc01.alicdn.com/kf/HTB1ORg3dmzqK1RjSZPcq6zTepXar/233923247/HTB1ORg3dmzqK1RjSZPcq6zTepXar.jpg\" width=\"750\" height=\"520\" /><noscript><img src=\"\" width=\"750\" height=\"686\"></noscript>&nbsp;</p>\r\n</div>\r\n</div>\r\n<div id=\"ali-anchor-AliPostDhMb-nqaox\" style=\"padding-top: 8px;\" data-section=\"AliPostDhMb-nqaox\" data-section-title=\"RELATED PRODUCT\">\r\n<div id=\"ali-title-AliPostDhMb-nqaox\" style=\"padding: 8px 0; border-bottom: 1px solid #ddd;\"><span style=\"background-color: #ddd; color: #333; font-weight: bold; padding: 8px 10px; line-height: 12px;\">RELATED PRODUCT</span></div>\r\n<div style=\"padding: 10px 0;\">\r\n<p><img data-src=\"//sc02.alicdn.com/kf/HTB15bHhXjnuK1RkSmFPq6AuzFXao/233923247/HTB15bHhXjnuK1RkSmFPq6AuzFXao.jpg\" data-width=\"750\" data-height=\"700\" /><img src=\"//sc02.alicdn.com/kf/HTB1CY4ldxnaK1RjSZFBq6AW7VXas/233923247/HTB1CY4ldxnaK1RjSZFBq6AW7VXas.jpg\" width=\"750\" height=\"686\" /><noscript><img src=\"\" width=\"750\" height=\"700\"></noscript></p>\r\n<p><img usemap=\"#m_https://sc01.alicdn.com/kf/HTB1BEm9XiDxK1Rjy1zcq6yGeXXaa/233923247/HTB1BEm9XiDxK1Rjy1zcq6yGeXXaa.jpg_08\" data-src=\"https://sc01.alicdn.com/kf/HTB1BEm9XiDxK1Rjy1zcq6yGeXXaa/233923247/HTB1BEm9XiDxK1Rjy1zcq6yGeXXaa.jpg\" data-alt=\"98 Inch interactive touch screen all in one Pc for kinder garden\" data-width=\"750\" data-height=\"638\" /><img src=\"//sc02.alicdn.com/kf/HTB15bHhXjnuK1RkSmFPq6AuzFXao/233923247/HTB15bHhXjnuK1RkSmFPq6AuzFXao.jpg\" width=\"750\" height=\"700\" /><noscript><img src=\"\" alt=\"98 Inch interactive touch screen all in one Pc for kinder garden\" width=\"750\" height=\"638\" usemap=\"#m_https://sc01.alicdn.com/kf/HTB1BEm9XiDxK1Rjy1zcq6yGeXXaa/233923247/HTB1BEm9XiDxK1Rjy1zcq6yGeXXaa.jpg_08\"></noscript><map name=\"m_https://sc01.alicdn.com/kf/HTB1BEm9XiDxK1Rjy1zcq6yGeXXaa/233923247/HTB1BEm9XiDxK1Rjy1zcq6yGeXXaa.jpg_08\"> \r\n<area alt=\"\" coords=\"561,360,738,621\" shape=\"rect\" href=\"https://ychd1.en.alibaba.com/productgrouplist-807566059/98_inch_all_in_one.html?spm=a2700.icbuShop.prup15aafb.2.12d039e4d1O8Mx\" target=\"_blank\" />\r\n \r\n<area alt=\"\" coords=\"383,399,547,620\" shape=\"rect\" href=\"https://ychd1.en.alibaba.com/productgrouplist-807393139/70_inch_all_in_one.html?spm=a2700.icbuShop.prup15aafb.6.755d7529TEQibL\" target=\"_blank\" />\r\n \r\n<area alt=\"\" coords=\"214,438,346,619\" shape=\"rect\" href=\"https://ychd1.en.alibaba.com/productgrouplist-807644886/50_inch_all_in_one.html?spm=a2700.icbuShop.prup15aafb.10.d3b36146RMmGpU\" target=\"_blank\" />\r\n \r\n<area alt=\"\" coords=\"42,454,151,619\" shape=\"rect\" href=\"https://ychd1.en.alibaba.com/productgrouplist-807436770/32_inch_all_in_one.html?spm=a2700.icbuShop.prup15aafb.12.3a13314dO50APY\" target=\"_blank\" />\r\n \r\n<area alt=\"\" coords=\"564,105,735,359\" shape=\"rect\" href=\"https://ychd1.en.alibaba.com/productgrouplist-807394733/86_inch_all_in_one.html?spm=a2700.icbuShop.prup15aafb.3.6ad254a93fadRh\" target=\"_blank\" />\r\n \r\n<area alt=\"\" coords=\"383,131,547,359\" shape=\"rect\" href=\"https://ychd1.en.alibaba.com/productgrouplist-807644882/75_inch_all_in_one.html?spm=a2700.icbuShop.prup15aafb.5.141d7b33BqCaNB\" target=\"_blank\" />\r\n \r\n<area alt=\"\" coords=\"202,143,358,359\" shape=\"rect\" href=\"https://ychd1.en.alibaba.com/productgrouplist-807518947/65_inch_all_in_one.html?spm=a2700.icbuShop.prup15aafb.7.572a29dbKs6mGD\" target=\"_blank\" />\r\n \r\n<area alt=\"\" coords=\"31,162,159,359\" shape=\"rect\" href=\"https://ychd1.en.alibaba.com/productgrouplist-807437554/55_inch_all_in_one.html?spm=a2700.icbuShop.prup15aafb.9.46ef72ccD0Mot0\" target=\"_blank\" />\r\n </map></p>\r\n<p style=\"text-align: center;\"><map name=\"m_https://sc01.alicdn.com/kf/HTB1BEm9XiDxK1Rjy1zcq6yGeXXaa/233923247/HTB1BEm9XiDxK1Rjy1zcq6yGeXXaa.jpg_08\"><a href=\"https://message.alibaba.com/msgsend/contact.htm?spm=a2700.icbuShop.81.dmsg.850f1227B1NFOb&amp;action=contact_action&amp;domain=2&amp;id=243192521&amp;id_f=IDX1_MT-_iYN_qy4YWcjOt0VVjDTUEgNPNQeeSdQAh42Q0wUtLI376om59y2HO4vymmQ\" target=\"_blank\" rel=\"noopener\"><strong><span style=\"font-family: \'times new roman\', times; font-size: 24px;\">CLICK HERE TO&nbsp;</span></strong><strong><span style=\"font-family: \'times new roman\', times; font-size: 24px;\">SEND US YOUR ENQUIRY!</span></strong></a> \r\n<area alt=\"\" coords=\"31,162,159,359\" shape=\"rect\" href=\"https://ychd1.en.alibaba.com/productgrouplist-807437554/55_inch_all_in_one.html?spm=a2700.icbuShop.prup15aafb.9.46ef72ccD0Mot0\" target=\"_blank\" />\r\n </map></p>\r\n</div>\r\n</div>\r\n<div id=\"ali-anchor-AliPostDhMb-tmfag\" style=\"padding-top: 8px;\" data-section=\"AliPostDhMb-tmfag\" data-section-title=\"ABOUT US\">\r\n<div id=\"ali-title-AliPostDhMb-tmfag\" style=\"padding: 8px 0; border-bottom: 1px solid #ddd;\"><span style=\"background-color: #ddd; color: #333; font-weight: bold; padding: 8px 10px; line-height: 12px;\">ABOUT US</span></div>\r\n<div style=\"padding: 10px 0;\">\r\n<p><img data-src=\"//sc02.alicdn.com/kf/HTB1xYDfXcfrK1RjSszcq6xGGFXaC/233923247/HTB1xYDfXcfrK1RjSszcq6xGGFXaC.jpg\" data-width=\"750\" data-height=\"907\" /><img src=\"https://sc01.alicdn.com/kf/HTB1BEm9XiDxK1Rjy1zcq6yGeXXaa/233923247/HTB1BEm9XiDxK1Rjy1zcq6yGeXXaa.jpg\" alt=\"98 Inch interactive touch screen all in one Pc for kinder garden\" usemap=\"#m_https://sc01.alicdn.com/kf/HTB1BEm9XiDxK1Rjy1zcq6yGeXXaa/233923247/HTB1BEm9XiDxK1Rjy1zcq6yGeXXaa.jpg_08\" width=\"750\" height=\"638\" /><noscript><img src=\"\" width=\"750\" height=\"907\"></noscript></p>\r\n<p style=\"text-align: left;\"><span style=\"font-family: \'times new roman\', times; font-size: 18px;\">&nbsp; &nbsp; &nbsp; &nbsp; Guangdong Hua Shen Intelligent Electronic Technology Co, Ltd, located 6th/F, NO 6 Building, Hua Chuang Animation Industry Park(B Area), Jin Shan village, ShiJi Town, PanYu district, Guangzhou city. Specialized in producing 32inch -98inch all in one touch screen smart board for education, con ference, home use. We set up our own brand YCZX and YCHD\", which selling in domestic China market Now it\'s the top 1 brand selling on line. Covered 60% market selling quantity.<br />&nbsp; &nbsp; &nbsp; &nbsp; Dedicated to strict quality control and thoughtful customer service, our experienced staff members are always available to discuss your requirements and ensure full customer satisfaction. In addition we have obtained FCC, Iso9001,ROSH, C E certificates. Selling well in all cities and provinces around China, our products are also exported to clients in such countries and regions as Europe, America Southeast asia, Africa.</span></p>\r\n</div>\r\n</div>\r\n<div id=\"ali-anchor-AliPostDhMb-m6f5a\" style=\"padding-top: 8px;\" data-section=\"AliPostDhMb-m6f5a\" data-section-title=\"CERTIFICATES\">\r\n<div id=\"ali-title-AliPostDhMb-m6f5a\" style=\"padding: 8px 0; border-bottom: 1px solid #ddd;\"><span style=\"background-color: #ddd; color: #333; font-weight: bold; padding: 8px 10px; line-height: 12px;\">CERTIFICATES</span></div>\r\n<div style=\"padding: 10px 0;\">\r\n<p><img data-src=\"//sc01.alicdn.com/kf/HTB1VQzfXizxK1RkSnaVq6xn9VXa8/233923247/HTB1VQzfXizxK1RkSnaVq6xn9VXa8.jpg\" data-width=\"750\" data-height=\"432\" />&nbsp;</p>\r\n</div>\r\n</div>\r\n<div id=\"ali-anchor-AliPostDhMb-bu4ad\" style=\"padding-top: 8px;\" data-section=\"AliPostDhMb-bu4ad\" data-section-title=\"PRODUCTION PROCESS\">\r\n<div id=\"ali-title-AliPostDhMb-bu4ad\" style=\"padding: 8px 0; border-bottom: 1px solid #ddd;\"><span style=\"background-color: #ddd; color: #333; font-weight: bold; padding: 8px 10px; line-height: 12px;\">PRODUCTION PROCESS</span></div>\r\n<div style=\"padding: 10px 0;\">\r\n<p><img data-src=\"//sc02.alicdn.com/kf/HTB1vaHgXcfrK1Rjy0Fmq6xhEXXaz/233923247/HTB1vaHgXcfrK1Rjy0Fmq6xhEXXaz.jpg\" data-width=\"750\" data-height=\"819\" />&nbsp;</p>\r\n</div>\r\n</div>\r\n<div id=\"ali-anchor-AliPostDhMb-wbhon\" style=\"padding-top: 8px;\" data-section=\"AliPostDhMb-wbhon\" data-section-title=\"PACKAGING &amp; SHIPPING\">\r\n<div id=\"ali-title-AliPostDhMb-wbhon\" style=\"padding: 8px 0; border-bottom: 1px solid #ddd;\"><span style=\"background-color: #ddd; color: #333; font-weight: bold; padding: 8px 10px; line-height: 12px;\">PACKAGING &amp; SHIPPING</span></div>\r\n<div style=\"padding: 10px 0;\">\r\n<p><img data-src=\"//sc02.alicdn.com/kf/HTB1b7NfdrrpK1RjSZTEq6AWAVXan/233923247/HTB1b7NfdrrpK1RjSZTEq6AWAVXan.jpg\" data-width=\"750\" data-height=\"632\" /><img data-src=\"//sc01.alicdn.com/kf/HTB1sCDeXiDxK1RjSsphq6zHrpXai/233923247/HTB1sCDeXiDxK1RjSsphq6zHrpXai.jpg\" data-width=\"750\" data-height=\"765\" /><img src=\"//sc02.alicdn.com/kf/HTB1b7NfdrrpK1RjSZTEq6AWAVXan/233923247/HTB1b7NfdrrpK1RjSZTEq6AWAVXan.jpg\" width=\"750\" height=\"632\" /><noscript><img src=\"\" width=\"750\" height=\"765\"></noscript>&nbsp;</p>\r\n</div>\r\n</div>\r\n<div id=\"ali-anchor-AliPostDhMb-nprww\" style=\"padding-top: 8px;\" data-section=\"AliPostDhMb-nprww\" data-section-title=\"FAQ\">\r\n<div style=\"padding: 10px 0;\">\r\n<p><noscript><img src=\"\" width=\"750\" height=\"90\"></noscript></p>\r\n<p><span style=\"font-size: 24px;\"><strong><span style=\"font-family: \'times new roman\', times;\">Q: Are you a factory or trading company?</span></strong></span><br /><span style=\"font-family: \'times new roman\', times; font-size: 18px;\">A: We are factory in beautiful Guangzhou City, China. Looking forward to your on-site visiting.</span></p>\r\n<p>&nbsp;</p>\r\n<p><span style=\"font-size: 24px;\"><strong><span style=\"font-family: \'times new roman\', times;\">Q: What\'s your product quality control?</span></strong></span><br /><span style=\"font-family: \'times new roman\', times; font-size: 18px;\">A: Our production meeting ISO9001 system. Each step has professional worker to inspect from moulding, installation, multi function inspecting, packaging and delivery.</span></p>\r\n<p>&nbsp;</p>\r\n<p><span style=\"font-size: 24px;\"><strong><span style=\"font-family: \'times new roman\', times;\">Q: What\'s your MOQ?</span></strong></span><br /><span style=\"font-family: \'times new roman\', times; font-size: 18px;\">A: Generally, our FOB MOQ is 10 sets.</span></p>\r\n<p>&nbsp;</p>\r\n<p><span style=\"font-size: 24px;\"><strong><span style=\"font-family: \'times new roman\', times;\">Q: Could you offer the OEM service?</span></strong></span><br /><span style=\"font-family: \'times new roman\', times; font-size: 18px;\">A: Yes, we can do OEM as your request.</span></p>\r\n<p>&nbsp;</p>\r\n<p><span style=\"font-size: 24px;\"><strong><span style=\"font-family: \'times new roman\', times;\">Q: How long is delivery time?</span></strong></span><br /><span style=\"font-family: \'times new roman\', times; font-size: 18px;\">A: The delivery would be with in 2-15 days according to the order quantity and size of the screens.</span></p>\r\n<p>&nbsp;</p>\r\n<p><span style=\"font-size: 24px;\"><strong><span style=\"font-family: \'times new roman\', times;\">Q: What is your advantage?</span></strong></span><br /><span style=\"font-family: \'times new roman\', times; font-size: 18px;\">A: 1. Direct factory, strong R&amp;D team, customize as your request available.</span><br /><span style=\"font-family: \'times new roman\', times; font-size: 18px;\">&nbsp; &nbsp; &nbsp;2. Europ Quality, dust-free workshop meeting ISO9001 Sytem.</span><br /><span style=\"font-family: \'times new roman\', times; font-size: 18px;\">&nbsp; &nbsp; &nbsp; &nbsp; &nbsp;All product with CE, RoHS, FCC certificated.</span><br /><span style=\"font-family: \'times new roman\', times; font-size: 18px;\">&nbsp; &nbsp; &nbsp;3. 24 hours after-sale service, ensure solving your problems earliest.</span></p>\r\n<p><span style=\"font-family: \'times new roman\', times; font-size: 18px;\"> <img usemap=\"#m_https://sc01.alicdn.com/kf/HTB17UC9XoLrK1Rjy1zbq6AenFXal/233923247/HTB17UC9XoLrK1Rjy1zbq6AenFXal.jpg_17\" data-src=\"https://sc01.alicdn.com/kf/HTB17UC9XoLrK1Rjy1zbq6AenFXal/233923247/HTB17UC9XoLrK1Rjy1zbq6AenFXal.jpg\" data-alt=\"98 Inch interactive touch screen all in one Pc for kinder garden\" data-width=\"750\" data-height=\"138\" /><img src=\"//sc02.alicdn.com/kf/HTB1vWzfXe6sK1RjSsrbq6xbDXXaJ/233923247/HTB1vWzfXe6sK1RjSsrbq6xbDXXaJ.jpg\" width=\"750\" height=\"90\" /><noscript><img src=\"\" alt=\"98 Inch interactive touch screen all in one Pc for kinder garden\" width=\"750\" height=\"138\" usemap=\"#m_https://sc01.alicdn.com/kf/HTB17UC9XoLrK1Rjy1zbq6AenFXal/233923247/HTB17UC9XoLrK1Rjy1zbq6AenFXal.jpg_17\"></noscript><map name=\"m_https://sc01.alicdn.com/kf/HTB17UC9XoLrK1Rjy1zbq6AenFXal/233923247/HTB17UC9XoLrK1Rjy1zbq6AenFXal.jpg_17\"> \r\n<area alt=\"\" coords=\"0,0,750,138\" shape=\"rect\" href=\"https://ychd1.en.alibaba.com/?spm=a2700.7756200.mamo-user-profile.4.547671d2RK3A61\" target=\"_blank\" />\r\n </map></span></p>\r\n</div>\r\n</div>\r\n</div>\r\n<!-- tangram:4450 begin--> <!-- ICBU detail loader --> <!-- tangram:4448 begin--> <!-- tangram:4448 end--><!-- tangram:4450 end--></div>', '50', NULL, 150, 200, 1, NULL, 6, NULL, NULL, NULL, NULL, NULL, NULL, '2019-08-06 17:20:09', '2019-08-06 11:20:09');
INSERT INTO `products` (`id`, `web_url`, `name`, `brand`, `category_id`, `primary_image`, `other_images`, `description`, `minimum_orders`, `unit`, `start_price`, `end_price`, `is_featured`, `tags`, `views`, `text_one_title`, `text_one_text`, `text_two_title`, `text_two_text`, `text_three_title`, `text_three_text`, `created_at`, `updated_at`) VALUES
(16, 'https://www.alibaba.com/product-detail/CE-ROHS-KC-certificated-BT5-0_60823637176.html?spm=a2700.galleryofferlist.normalList.1.7b847fcc0PdqKm&s=p', 'CE /ROHS/KC certificated BT5.0 Wireless X23/X23D mini TWS earphones headsets headphones earphones wireless earbuds', NULL, 15, '//sc01.alicdn.com/kf/HTB1glgJX.LrK1Rjy1zbq6AenFXab/CE-ROHS-KC-certificated-BT5-0-Wireless.jpg', '[\"https:\\/\\/img.alicdn.com\\/imgextra\\/i2\\/6000000003223\\/O1CN01EEX3ct1ZgB2F8qHu7_!!6000000003223-0-tbvideo.jpg\",\"\\/\\/sc01.alicdn.com\\/kf\\/HTB1glgJX.LrK1Rjy1zbq6AenFXab\\/CE-ROHS-KC-certificated-BT5-0-Wireless.jpg_350x350.jpg\",\"\\/\\/sc01.alicdn.com\\/kf\\/HTB1aGwFX2LsK1Rjy0Fbq6xSEXXaH\\/CE-ROHS-KC-certificated-BT5-0-Wireless.jpg_350x350.jpg\",\"\\/\\/sc01.alicdn.com\\/kf\\/HTB1NCyvbBGE3KVjSZFhq6AkaFXai\\/CE-ROHS-KC-certificated-BT5-0-Wireless.jpg_350x350.jpg\",\"\\/\\/sc01.alicdn.com\\/kf\\/HTB1P9mAbBCw3KVjSZFlq6AJkFXax\\/CE-ROHS-KC-certificated-BT5-0-Wireless.jpg_350x350.jpg\",\"\\/\\/sc02.alicdn.com\\/kf\\/HTB1eq5vbEuF3KVjSZK9q6zVtXXaX\\/CE-ROHS-KC-certificated-BT5-0-Wireless.jpg_350x350.jpg\"]', '<div class=\"scc-wrapper detail-module module-productSpecification\" data-spm=\"pronpeci14\"><!--false | 60823637176 | -->\r\n<div id=\"J-rich-text-description\" class=\"richtext richtext-detail rich-text-description\">\r\n<h2>CE /ROHS/KC certificated BT5.0 Wireless X23/X23D mini TWS earphones headsets headphones earphones wireless earbuds</h2>\r\n<div style=\"box-sizing: content-box; margin: 0px; padding: 20px 0px; border: 0px; font-style: normal; font-weight: 400; font-size: 12px; line-height: inherit; font-family: Helvetica,Tahoma,Arial; vertical-align: baseline; color: #333333; background-color: #ffffff;\">\r\n<div id=\"J-rich-text-description\" style=\"box-sizing: content-box; margin: 0px; padding: 0px; border: 0px; font-style: inherit; font-weight: inherit; font-size: 12px; line-height: 1.5; font-family: Arial,Helvetica; vertical-align: baseline; overflow: hidden; background-color: #ffffff; width: 750px;\">\r\n<p style=\"box-sizing: content-box; margin: 0px; padding: 0px; border: 0px; vertical-align: baseline;\">&nbsp;<strong><span style=\"box-sizing: content-box; margin: 0px; padding: 0px; border: 0px; font-style: inherit; font-weight: inherit; font-size: 16px; line-height: 24px; vertical-align: baseline;\"><span style=\"box-sizing: content-box; margin: 0px; padding: 0px; border: 0px; font-style: inherit; font-weight: inherit; font-size: inherit; line-height: 48px; vertical-align: baseline;\"><span style=\"box-sizing: content-box; margin: 0px; padding: 0px; border: 0px; font-style: inherit; font-weight: inherit; font-size: 24px; line-height: 36px; vertical-align: baseline;\">GOOD NEWS !&nbsp; &nbsp;</span>&nbsp;</span><span style=\"box-sizing: content-box; margin: 0px; padding: 0px; border: 0px; font-style: inherit; font-weight: inherit; font-size: 16px; line-height: 18px; font-family: Arial, Helvetica; vertical-align: baseline; background-color: #ffffff; color: #ff0000;\"><span style=\"box-sizing: content-box; margin: 0px; padding: 0px; border: 0px; font-style: inherit; font-weight: inherit; font-size: inherit; line-height: 48px; vertical-align: baseline;\"><span style=\"box-sizing: content-box; margin: 0px; padding: 0px; border: 0px; font-style: inherit; font-weight: inherit; font-size: inherit; line-height: 27px; vertical-align: baseline;\"><span style=\"box-sizing: content-box; margin: 0px; padding: 0px; border: 0px; font-style: inherit; font-weight: inherit; font-size: inherit; line-height: 27px; vertical-align: baseline; color: #000000;\">If you could kindly give us a</span>&nbsp;</span><span style=\"box-sizing: content-box; margin: 0px; padding: 0px; border: 0px; font-style: inherit; font-weight: inherit; font-size: 24px; line-height: 36px; vertical-align: baseline;\">5<span style=\"box-sizing: content-box; margin: 0px; padding: 0px; border: 0px; font-style: inherit; font-weight: inherit; font-size: inherit; line-height: 36px; vertical-align: baseline;\">&nbsp;</span></span>S<span style=\"box-sizing: content-box; margin: 0px; padding: 0px; border: 0px; font-style: inherit; font-weight: inherit; font-size: inherit; line-height: 36px; vertical-align: baseline;\">tar&nbsp;Review ,&nbsp;</span><span style=\"box-sizing: content-box; margin: 0px; padding: 0px; border: 0px; font-style: inherit; font-weight: inherit; font-size: inherit; line-height: 27px; vertical-align: baseline;\"><span style=\"box-sizing: content-box; margin: 0px; padding: 0px; border: 0px; font-style: inherit; font-weight: inherit; font-size: inherit; line-height: 27px; vertical-align: baseline; color: #000000;\">you will&nbsp;get a</span>&nbsp;Free Sample&nbsp;<span style=\"box-sizing: content-box; margin: 0px; padding: 0px; border: 0px; font-style: inherit; font-weight: inherit; font-size: inherit; line-height: 27px; vertical-align: baseline; color: #000000;\">of our&nbsp;newest item&nbsp;as&nbsp;well&nbsp;as&nbsp;</span>extra&nbsp;coupon&nbsp;<span style=\"box-sizing: content-box; margin: 0px; padding: 0px; border: 0px; font-style: inherit; font-weight: inherit; font-size: inherit; line-height: 27px; vertical-align: baseline; color: #000000;\">for your future order !&nbsp;</span><span style=\"box-sizing: content-box; margin: 0px; padding: 0px; border: 0px; font-style: inherit; font-weight: inherit; font-size: inherit; line-height: 27px; vertical-align: baseline; color: #000000;\">&nbsp;suitable for all of products !!</span></span></span></span></span></strong></p>\r\n</div>\r\n</div>\r\n<div id=\"ali-anchor-AliPostDhMb-0l7zg\" style=\"padding-top: 8px;\" data-section=\"AliPostDhMb-0l7zg\" data-section-title=\"Hot products\">\r\n<div id=\"ali-title-AliPostDhMb-0l7zg\" style=\"padding: 8px 0; border-bottom: 1px solid #ddd;\"><span style=\"background-color: #ddd; color: #333; font-weight: bold; padding: 8px 10px; line-height: 12px;\">Hot products</span></div>\r\n<div style=\"padding: 10px 0;\">\r\n<p><img style=\"border: none; padding: 0;\" usemap=\"#2149\" data-src=\"https://sc02.alicdn.com/kf/HTB1egXmbRWD3KVjSZKPq6yp7FXaS/234848502/HTB1egXmbRWD3KVjSZKPq6yp7FXaS.jpg\" data-width=\"750\" data-height=\"750\" /><noscript><img src=\"\" width=\"750\" height=\"750\" usemap=\"#2149\" style=\"border: none; padding: 0;\"></noscript><map name=\"2149\"> \r\n<area coords=\"42,66,331,274\" shape=\"rect\" href=\"https://www.alibaba.com/product-detail/Xboon-Patent-Hifi-Sound-IPX7-waterproof_62014382813.html?spm=a2747.manage.0.0.532471d2GceGB0\" target=\"_blank\" />\r\n \r\n<area coords=\"365,51,735,288\" shape=\"rect\" href=\"https://www.alibaba.com/product-detail/CE-ROHS-KC-certificated-BT5-0_60823637176.html?spm=a2747.manage.0.0.532471d2GceGB0\" target=\"_blank\" />\r\n \r\n<area coords=\"35,284,322,505\" shape=\"rect\" href=\"https://www.alibaba.com/product-detail/Amazon-Hot-Sale-Blue-tooth-Headphones_60839905491.html?spm=a2793.11769229.0.0.6e5a3e5fwIvcm1\" target=\"_blank\" />\r\n \r\n<area coords=\"386,290,667,515\" shape=\"rect\" href=\"https://www.alibaba.com/product-detail/New-Product-X6D-TWS-wireless-earbuds_62146711392.html?spm=a2747.manage.0.0.705b71d2v5z3Zl\" target=\"_blank\" />\r\n \r\n<area coords=\"33,501,312,743\" shape=\"rect\" href=\"https://www.alibaba.com/product-detail/1Year-Warranty-800Mah-Capacity-X29-Wireless_62036472251.html?spm=a2793.11769229.0.0.79683e5fllRsLL\" target=\"_blank\" />\r\n \r\n<area coords=\"367,495,715,756\" shape=\"rect\" href=\"https://www.alibaba.com/product-detail/Hot-selling-twins-touch-i11-V5_62085427340.html?spm=a2747.manage.0.0.705b71d2v5z3Zl\" target=\"_blank\" />\r\n </map></p>\r\n</div>\r\n</div>\r\n<p style=\"box-sizing: content-box; margin: 0px; padding: 0px; border: 0px; vertical-align: baseline;\"><img data-src=\"//sc01.alicdn.com/kf/HTB1ywiZbA9E3KVjSZFGq6A19XXaR/234848502/HTB1ywiZbA9E3KVjSZFGq6A19XXaR.jpg\" data-alt=\"CE /ROHS/KC certificated BT5.0 Wireless X23/X23D mini TWS earphones headsets headphones earphones wireless earbuds\" /><img style=\"border: none; padding: 0;\" src=\"https://sc02.alicdn.com/kf/HTB1egXmbRWD3KVjSZKPq6yp7FXaS/234848502/HTB1egXmbRWD3KVjSZKPq6yp7FXaS.jpg\" usemap=\"#2149\" width=\"750\" height=\"750\" /><noscript><img src=\"\" alt=\"CE /ROHS/KC certificated BT5.0 Wireless X23/X23D mini TWS earphones headsets headphones earphones wireless earbuds\" ori-width=\"750\" ori-height=\"683\"></noscript><img data-src=\"//sc01.alicdn.com/kf/HTB1_aO9brys3KVjSZFnq6xFzpXaE/234848502/HTB1_aO9brys3KVjSZFnq6xFzpXaE.jpg\" data-alt=\"CE /ROHS/KC certificated BT5.0 Wireless X23/X23D mini TWS earphones headsets headphones earphones wireless earbuds\" /><img src=\"//sc01.alicdn.com/kf/HTB1ywiZbA9E3KVjSZFGq6A19XXaR/234848502/HTB1ywiZbA9E3KVjSZFGq6A19XXaR.jpg\" alt=\"CE /ROHS/KC certificated BT5.0 Wireless X23/X23D mini TWS earphones headsets headphones earphones wireless earbuds\" /><noscript><img src=\"\" alt=\"CE /ROHS/KC certificated BT5.0 Wireless X23/X23D mini TWS earphones headsets headphones earphones wireless earbuds\" ori-width=\"750\" ori-height=\"863\"></noscript><img data-src=\"//sc02.alicdn.com/kf/HTB1kEmYbEGF3KVjSZFmq6zqPXXaj/234848502/HTB1kEmYbEGF3KVjSZFmq6zqPXXaj.jpg\" data-alt=\"CE /ROHS/KC certificated BT5.0 Wireless X23/X23D mini TWS earphones headsets headphones earphones wireless earbuds\" /><img src=\"//sc01.alicdn.com/kf/HTB1_aO9brys3KVjSZFnq6xFzpXaE/234848502/HTB1_aO9brys3KVjSZFnq6xFzpXaE.jpg\" alt=\"CE /ROHS/KC certificated BT5.0 Wireless X23/X23D mini TWS earphones headsets headphones earphones wireless earbuds\" /><noscript><img src=\"\" alt=\"CE /ROHS/KC certificated BT5.0 Wireless X23/X23D mini TWS earphones headsets headphones earphones wireless earbuds\" ori-width=\"750\" ori-height=\"498\"></noscript><img data-src=\"//sc02.alicdn.com/kf/HTB1iG90bA5E3KVjSZFCq6zuzXXau/234848502/HTB1iG90bA5E3KVjSZFCq6zuzXXau.jpg\" data-alt=\"CE /ROHS/KC certificated BT5.0 Wireless X23/X23D mini TWS earphones headsets headphones earphones wireless earbuds\" /><img src=\"//sc02.alicdn.com/kf/HTB1kEmYbEGF3KVjSZFmq6zqPXXaj/234848502/HTB1kEmYbEGF3KVjSZFmq6zqPXXaj.jpg\" alt=\"CE /ROHS/KC certificated BT5.0 Wireless X23/X23D mini TWS earphones headsets headphones earphones wireless earbuds\" /><noscript><img src=\"\" alt=\"CE /ROHS/KC certificated BT5.0 Wireless X23/X23D mini TWS earphones headsets headphones earphones wireless earbuds\" ori-width=\"750\" ori-height=\"627\"></noscript><img data-src=\"//sc01.alicdn.com/kf/HTB1Rqe8bq1s3KVjSZFAq6x_ZXXaD/234848502/HTB1Rqe8bq1s3KVjSZFAq6x_ZXXaD.jpg\" data-alt=\"CE /ROHS/KC certificated BT5.0 Wireless X23/X23D mini TWS earphones headsets headphones earphones wireless earbuds\" /><img src=\"//sc02.alicdn.com/kf/HTB1iG90bA5E3KVjSZFCq6zuzXXau/234848502/HTB1iG90bA5E3KVjSZFCq6zuzXXau.jpg\" alt=\"CE /ROHS/KC certificated BT5.0 Wireless X23/X23D mini TWS earphones headsets headphones earphones wireless earbuds\" /><noscript><img src=\"\" alt=\"CE /ROHS/KC certificated BT5.0 Wireless X23/X23D mini TWS earphones headsets headphones earphones wireless earbuds\" ori-width=\"750\" ori-height=\"1026\"></noscript><img data-src=\"//sc01.alicdn.com/kf/HTB1ZMa0bBOD3KVjSZFFq6An9pXaV/234848502/HTB1ZMa0bBOD3KVjSZFFq6An9pXaV.jpg\" data-alt=\"CE /ROHS/KC certificated BT5.0 Wireless X23/X23D mini TWS earphones headsets headphones earphones wireless earbuds\" /><img src=\"//sc01.alicdn.com/kf/HTB1Rqe8bq1s3KVjSZFAq6x_ZXXaD/234848502/HTB1Rqe8bq1s3KVjSZFAq6x_ZXXaD.jpg\" alt=\"CE /ROHS/KC certificated BT5.0 Wireless X23/X23D mini TWS earphones headsets headphones earphones wireless earbuds\" /><noscript><img src=\"\" alt=\"CE /ROHS/KC certificated BT5.0 Wireless X23/X23D mini TWS earphones headsets headphones earphones wireless earbuds\" ori-width=\"750\" ori-height=\"801\"></noscript><img data-src=\"//sc01.alicdn.com/kf/HTB1SDW0bBaE3KVjSZLeq6xsSFXa1/234848502/HTB1SDW0bBaE3KVjSZLeq6xsSFXa1.jpg\" data-alt=\"CE /ROHS/KC certificated BT5.0 Wireless X23/X23D mini TWS earphones headsets headphones earphones wireless earbuds\" /><img src=\"//sc01.alicdn.com/kf/HTB1ZMa0bBOD3KVjSZFFq6An9pXaV/234848502/HTB1ZMa0bBOD3KVjSZFFq6An9pXaV.jpg\" alt=\"CE /ROHS/KC certificated BT5.0 Wireless X23/X23D mini TWS earphones headsets headphones earphones wireless earbuds\" /><noscript><img src=\"\" alt=\"CE /ROHS/KC certificated BT5.0 Wireless X23/X23D mini TWS earphones headsets headphones earphones wireless earbuds\" ori-width=\"750\" ori-height=\"859\"></noscript><img data-src=\"//sc02.alicdn.com/kf/HTB1Vo97bq5s3KVjSZFNq6AD3FXau/234848502/HTB1Vo97bq5s3KVjSZFNq6AD3FXau.jpg\" data-alt=\"CE /ROHS/KC certificated BT5.0 Wireless X23/X23D mini TWS earphones headsets headphones earphones wireless earbuds\" /><img src=\"//sc01.alicdn.com/kf/HTB1SDW0bBaE3KVjSZLeq6xsSFXa1/234848502/HTB1SDW0bBaE3KVjSZLeq6xsSFXa1.jpg\" alt=\"CE /ROHS/KC certificated BT5.0 Wireless X23/X23D mini TWS earphones headsets headphones earphones wireless earbuds\" /><noscript><img src=\"\" alt=\"CE /ROHS/KC certificated BT5.0 Wireless X23/X23D mini TWS earphones headsets headphones earphones wireless earbuds\" ori-width=\"750\" ori-height=\"855\"></noscript><img data-src=\"//sc01.alicdn.com/kf/HTB1E65ZbBiE3KVjSZFMq6zQhVXaJ/234848502/HTB1E65ZbBiE3KVjSZFMq6zQhVXaJ.jpg\" data-alt=\"CE /ROHS/KC certificated BT5.0 Wireless X23/X23D mini TWS earphones headsets headphones earphones wireless earbuds\" /><img src=\"//sc02.alicdn.com/kf/HTB1Vo97bq5s3KVjSZFNq6AD3FXau/234848502/HTB1Vo97bq5s3KVjSZFNq6AD3FXau.jpg\" alt=\"CE /ROHS/KC certificated BT5.0 Wireless X23/X23D mini TWS earphones headsets headphones earphones wireless earbuds\" /><noscript><img src=\"\" alt=\"CE /ROHS/KC certificated BT5.0 Wireless X23/X23D mini TWS earphones headsets headphones earphones wireless earbuds\" ori-width=\"750\" ori-height=\"834\"></noscript><img data-src=\"//sc01.alicdn.com/kf/HTB11CG7brus3KVjSZKbq6xqkFXab/234848502/HTB11CG7brus3KVjSZKbq6xqkFXab.jpg\" data-alt=\"CE /ROHS/KC certificated BT5.0 Wireless X23/X23D mini TWS earphones headsets headphones earphones wireless earbuds\" /><img src=\"//sc01.alicdn.com/kf/HTB1E65ZbBiE3KVjSZFMq6zQhVXaJ/234848502/HTB1E65ZbBiE3KVjSZFMq6zQhVXaJ.jpg\" alt=\"CE /ROHS/KC certificated BT5.0 Wireless X23/X23D mini TWS earphones headsets headphones earphones wireless earbuds\" /><noscript><img src=\"\" alt=\"CE /ROHS/KC certificated BT5.0 Wireless X23/X23D mini TWS earphones headsets headphones earphones wireless earbuds\" ori-width=\"750\" ori-height=\"863\"></noscript></p>\r\n<p style=\"box-sizing: content-box; margin: 0px; padding: 0px; border: 0px; vertical-align: baseline;\">&nbsp;<img data-src=\"//sc01.alicdn.com/kf/HTB11EqWbv1H3KVjSZFHq6zKppXay/234848502/HTB11EqWbv1H3KVjSZFHq6zKppXay.jpg\" data-alt=\"CE /ROHS/KC certificated BT5.0 Wireless X23/X23D mini TWS earphones headsets headphones earphones wireless earbuds\" data-width=\"751\" data-height=\"1063\" /><img src=\"//sc01.alicdn.com/kf/HTB11CG7brus3KVjSZKbq6xqkFXab/234848502/HTB11CG7brus3KVjSZKbq6xqkFXab.jpg\" alt=\"CE /ROHS/KC certificated BT5.0 Wireless X23/X23D mini TWS earphones headsets headphones earphones wireless earbuds\" /><noscript><img src=\"\" alt=\"CE /ROHS/KC certificated BT5.0 Wireless X23/X23D mini TWS earphones headsets headphones earphones wireless earbuds\" width=\"751\" height=\"1063\" ori-width=\"750\" ori-height=\"1063\"></noscript></p>\r\n<p style=\"box-sizing: content-box; margin: 0px; padding: 0px; border: 0px; vertical-align: baseline;\"><img data-src=\"//sc02.alicdn.com/kf/HTB1sNiYbvWG3KVjSZFgq6zTspXa1/234848502/HTB1sNiYbvWG3KVjSZFgq6zTspXa1.jpg\" data-alt=\"CE /ROHS/KC certificated BT5.0 Wireless X23/X23D mini TWS earphones headsets headphones earphones wireless earbuds\" /><img src=\"//sc01.alicdn.com/kf/HTB11EqWbv1H3KVjSZFHq6zKppXay/234848502/HTB11EqWbv1H3KVjSZFHq6zKppXay.jpg\" alt=\"CE /ROHS/KC certificated BT5.0 Wireless X23/X23D mini TWS earphones headsets headphones earphones wireless earbuds\" width=\"751\" height=\"1063\" /><noscript><img src=\"\" alt=\"CE /ROHS/KC certificated BT5.0 Wireless X23/X23D mini TWS earphones headsets headphones earphones wireless earbuds\" ori-width=\"677\" ori-height=\"3000\"></noscript></p>\r\n<p style=\"box-sizing: content-box; margin: 0px; padding: 0px; border: 0px; vertical-align: baseline;\">&nbsp;</p>\r\n<p style=\"box-sizing: content-box; margin: 0px; padding: 0px; border: 0px; vertical-align: baseline;\">&nbsp;</p>\r\n<p style=\"box-sizing: content-box; margin: 0px; padding: 0px; border: 0px; vertical-align: baseline;\">&nbsp;</p>\r\n<p style=\"box-sizing: content-box; margin: 0px; padding: 0px; border: 0px; vertical-align: baseline;\">&nbsp;<span style=\"line-height: 27px; font-family: Arial, Helvetica; font-size: 18px; font-style: normal; font-weight: 400; color: #ff0000;\">Pls noted about this models&nbsp; &nbsp;</span><span style=\"color: #333333; font-family: Arial, Helvetica; font-size: 18px; font-style: normal; font-weight: 400; background-color: #339966; display: inline !important; float: none;\">: the earphone is Black , if u&nbsp;</span><span style=\"line-height: 27px; color: #333333; font-family: Arial, Helvetica; font-size: 18px; font-style: normal; font-weight: 400; background-color: #ff0000;\">choose</span><span style=\"color: #333333; font-family: Arial, Helvetica; font-size: 18px; font-style: normal; font-weight: 400; background-color: #339966; display: inline !important; float: none;\">&nbsp;color just the charge box .</span><span style=\"color: #333333; font-family: Arial, Helvetica; font-size: 18px; font-style: normal; font-weight: 400; background-color: #339966; display: inline !important; float: none;\">If ur address in Brazil &nbsp; ,please provide your CPF or CNPJ when you place the order, so that to minimize the logistics problem.</span></p>\r\n<p style=\"box-sizing: content-box; margin: 0px; padding: 0px; border: 0px; font-style: normal; font-weight: 400; font-size: 12px; line-height: inherit; font-family: Arial, Helvetica; vertical-align: baseline; color: #333333;\">&nbsp;</p>\r\n<table style=\"box-sizing: content-box; margin: 0px; padding: 0px; font-style: inherit; font-weight: inherit; font-size: 12px; line-height: inherit; font-family: Arial, Helvetica; border-collapse: collapse; width: 687px; color: #333333; background-color: #ffffff; height: 736px;\" border=\"1\">\r\n<tbody>\r\n<tr style=\"box-sizing: content-box; margin: 0px; padding: 0px; font-style: inherit; font-weight: inherit; font-size: 12px; line-height: inherit; height: 15px;\">\r\n<td style=\"box-sizing: content-box; margin: 0px; padding: 0px; font-style: inherit; font-weight: 400; font-size: 12px; line-height: inherit; float: none; width: 191px; height: 15px;\"><span style=\"box-sizing: content-box; margin: 0px; padding: 0px; border: 0px; font-style: normal; font-weight: 400; font-size: 16px; line-height: 24px; font-family: arial, helvetica, sans-serif; vertical-align: baseline; color: #000000; background-color: #ffffff; float: none; display: inline !important;\">Function</span></td>\r\n<td style=\"box-sizing: content-box; margin: 0px; padding: 0px; font-style: inherit; font-weight: 400; font-size: 12px; line-height: inherit; float: none; width: 489px; height: 15px;\"><span style=\"box-sizing: content-box; margin: 0px; padding: 0px; border: 0px; font-style: normal; font-weight: 400; font-size: 16px; line-height: 24px; font-family: arial, helvetica, sans-serif; vertical-align: baseline; color: #000000; background-color: #ffffff; float: none; display: inline !important;\">For Mobile Phone,HiFi Headphone,For iPod,Sport,Common Headphone</span></td>\r\n</tr>\r\n<tr style=\"box-sizing: content-box; margin: 0px; padding: 0px; font-style: inherit; font-weight: inherit; font-size: 12px; line-height: inherit; height: 15px;\">\r\n<td style=\"box-sizing: content-box; margin: 0px; padding: 0px; font-style: inherit; font-weight: 400; font-size: 12px; line-height: inherit; float: none; width: 191px; height: 15px;\"><span style=\"box-sizing: content-box; margin: 0px; padding: 0px; border: 0px; font-style: normal; font-weight: 400; font-size: 16px; line-height: 24px; font-family: arial, helvetica, sans-serif; vertical-align: baseline; color: #000000; background-color: #ffffff; float: none; display: inline !important;\">Wireless Type</span></td>\r\n<td style=\"box-sizing: content-box; margin: 0px; padding: 0px; font-style: inherit; font-weight: 400; font-size: 12px; line-height: inherit; float: none; width: 489px; height: 15px;\"><span style=\"box-sizing: content-box; margin: 0px; padding: 0px; border: 0px; font-style: normal; font-weight: 400; font-size: 16px; line-height: 24px; font-family: arial, helvetica, sans-serif; vertical-align: baseline; color: #000000; background-color: #ffffff; float: none; display: inline !important;\">Wireless&nbsp;&nbsp;Bluetooth</span></td>\r\n</tr>\r\n<tr style=\"box-sizing: content-box; margin: 0px; padding: 0px; font-style: inherit; font-weight: inherit; font-size: 12px; line-height: inherit; height: 15px;\">\r\n<td style=\"box-sizing: content-box; margin: 0px; padding: 0px; font-style: inherit; font-weight: 400; font-size: 12px; line-height: inherit; float: none; width: 191px; height: 15px;\"><span style=\"box-sizing: content-box; margin: 0px; padding: 0px; border: 0px; font-style: inherit; font-weight: inherit; font-size: 16px; line-height: 24px; font-family: arial, helvetica, sans-serif; vertical-align: baseline;\">Support</span></td>\r\n<td style=\"box-sizing: content-box; margin: 0px; padding: 0px; font-style: inherit; font-weight: 400; font-size: 12px; line-height: inherit; float: none; width: 489px; height: 15px;\">A2DP, AVRCP, HFP ,HSP, SPP</td>\r\n</tr>\r\n<tr style=\"box-sizing: content-box; margin: 0px; padding: 0px; font-style: inherit; font-weight: inherit; font-size: 12px; line-height: inherit; height: 15px;\">\r\n<td style=\"box-sizing: content-box; margin: 0px; padding: 0px; font-style: inherit; font-weight: 400; font-size: 12px; line-height: inherit; float: none; width: 191px; height: 15px;\"><span style=\"box-sizing: content-box; margin: 0px; padding: 0px; border: 0px; font-style: inherit; font-weight: inherit; font-size: 16px; line-height: 24px; font-family: arial, helvetica, sans-serif; vertical-align: baseline;\">Speaker</span></td>\r\n<td style=\"box-sizing: content-box; margin: 0px; padding: 0px; font-style: inherit; font-weight: 400; font-size: 12px; line-height: inherit; float: none; width: 489px; height: 15px;\"><span style=\"box-sizing: content-box; margin: 0px; padding: 0px; border: 0px; font-style: inherit; font-weight: inherit; font-size: 16px; line-height: 24px; font-family: arial, helvetica, sans-serif; vertical-align: baseline;\">32&Omega; ,6MM</span></td>\r\n</tr>\r\n<tr style=\"box-sizing: content-box; margin: 0px; padding: 0px; font-style: inherit; font-weight: inherit; font-size: 12px; line-height: inherit; height: 15px;\">\r\n<td style=\"box-sizing: content-box; margin: 0px; padding: 0px; font-style: inherit; font-weight: 400; font-size: 12px; line-height: inherit; float: none; width: 191px; height: 15px;\"><span style=\"box-sizing: content-box; margin: 0px; padding: 0px; border: 0px; font-style: inherit; font-weight: inherit; font-size: 16px; line-height: 24px; font-family: arial, helvetica, sans-serif; vertical-align: baseline;\">Microphone sensitivity</span></td>\r\n<td style=\"box-sizing: content-box; margin: 0px; padding: 0px; font-style: inherit; font-weight: 400; font-size: 12px; line-height: inherit; float: none; width: 489px; height: 15px;\"><span style=\"box-sizing: content-box; margin: 0px; padding: 0px; border: 0px; font-style: inherit; font-weight: inherit; font-size: 16px; line-height: 24px; font-family: arial, helvetica, sans-serif; vertical-align: baseline;\">-42DB</span></td>\r\n</tr>\r\n<tr style=\"box-sizing: content-box; margin: 0px; padding: 0px; font-style: inherit; font-weight: inherit; font-size: 12px; line-height: inherit; height: 15px;\">\r\n<td style=\"box-sizing: content-box; margin: 0px; padding: 0px; font-style: inherit; font-weight: 400; font-size: 12px; line-height: inherit; float: none; width: 191px; height: 15px;\"><span style=\"box-sizing: content-box; margin: 0px; padding: 0px; border: 0px; font-style: inherit; font-weight: inherit; font-size: 16px; line-height: 24px; font-family: arial, helvetica, sans-serif; vertical-align: baseline;\">Frequency of the antenna</span></td>\r\n<td style=\"box-sizing: content-box; margin: 0px; padding: 0px; font-style: inherit; font-weight: 400; font-size: 12px; line-height: inherit; float: none; width: 489px; height: 15px;\"><span style=\"box-sizing: content-box; margin: 0px; padding: 0px; border: 0px; font-style: inherit; font-weight: inherit; font-size: 16px; line-height: 24px; font-family: arial, helvetica, sans-serif; vertical-align: baseline;\">2.4GHZ</span></td>\r\n</tr>\r\n<tr style=\"box-sizing: content-box; margin: 0px; padding: 0px; font-style: inherit; font-weight: inherit; font-size: 12px; line-height: inherit; height: 26px;\">\r\n<td style=\"box-sizing: content-box; margin: 0px; padding: 0px; font-style: inherit; font-weight: 400; font-size: 12px; line-height: inherit; float: none; width: 191px; height: 26px;\"><span style=\"box-sizing: content-box; margin: 0px; padding: 0px; border: 0px; font-style: inherit; font-weight: inherit; font-size: 16px; line-height: 24px; font-family: arial, helvetica, sans-serif; vertical-align: baseline;\">Working voltage</span></td>\r\n<td style=\"box-sizing: content-box; margin: 0px; padding: 0px; font-style: inherit; font-weight: 400; font-size: 12px; line-height: inherit; float: none; width: 489px; height: 26px;\"><span style=\"box-sizing: content-box; margin: 0px; padding: 0px; border: 0px; font-style: inherit; font-weight: inherit; font-size: 16px; line-height: 24px; font-family: arial, helvetica, sans-serif; vertical-align: baseline;\">3.1V~4.2V</span></td>\r\n</tr>\r\n<tr style=\"box-sizing: content-box; margin: 0px; padding: 0px; font-style: inherit; font-weight: inherit; font-size: 12px; line-height: inherit; height: 15px;\">\r\n<td style=\"box-sizing: content-box; margin: 0px; padding: 0px; font-style: inherit; font-weight: 400; font-size: 12px; line-height: inherit; float: none; width: 191px; height: 15px;\"><span style=\"box-sizing: content-box; margin: 0px; padding: 0px; border: 0px; font-style: inherit; font-weight: inherit; font-size: 16px; line-height: 24px; font-family: arial, helvetica, sans-serif; vertical-align: baseline;\">Charging voltage</span></td>\r\n<td style=\"box-sizing: content-box; margin: 0px; padding: 0px; font-style: inherit; font-weight: 400; font-size: 12px; line-height: inherit; float: none; width: 489px; height: 15px;\"><span style=\"box-sizing: content-box; margin: 0px; padding: 0px; border: 0px; font-style: inherit; font-weight: inherit; font-size: 16px; line-height: 24px; font-family: arial, helvetica, sans-serif; vertical-align: baseline;\">600MA</span></td>\r\n</tr>\r\n<tr style=\"box-sizing: content-box; margin: 0px; padding: 0px; font-style: inherit; font-weight: inherit; font-size: 12px; line-height: inherit; height: 15px;\">\r\n<td style=\"box-sizing: content-box; margin: 0px; padding: 0px; font-style: inherit; font-weight: 400; font-size: 12px; line-height: inherit; float: none; width: 191px; height: 15px;\"><span style=\"box-sizing: content-box; margin: 0px; padding: 0px; border: 0px; font-style: inherit; font-weight: inherit; font-size: 16px; line-height: 24px; font-family: arial, helvetica, sans-serif; vertical-align: baseline;\">Headphone battery capacity</span></td>\r\n<td style=\"box-sizing: content-box; margin: 0px; padding: 0px; font-style: inherit; font-weight: 400; font-size: 12px; line-height: inherit; float: none; width: 489px; height: 15px;\"><span style=\"box-sizing: content-box; margin: 0px; padding: 0px; border: 0px; font-style: inherit; font-weight: inherit; font-size: 16px; line-height: 24px; font-family: arial, helvetica, sans-serif; vertical-align: baseline;\">50MAH</span></td>\r\n</tr>\r\n<tr style=\"box-sizing: content-box; margin: 0px; padding: 0px; font-style: inherit; font-weight: inherit; font-size: 12px; line-height: inherit; height: 15px;\">\r\n<td style=\"box-sizing: content-box; margin: 0px; padding: 0px; font-style: inherit; font-weight: 400; font-size: 12px; line-height: inherit; float: none; width: 191px; height: 15px;\"><span style=\"box-sizing: content-box; margin: 0px; padding: 0px; border: 0px; font-style: inherit; font-weight: inherit; font-size: 16px; line-height: 24px; font-family: arial, helvetica, sans-serif; vertical-align: baseline;\">Range</span></td>\r\n<td style=\"box-sizing: content-box; margin: 0px; padding: 0px; font-style: inherit; font-weight: 400; font-size: 12px; line-height: inherit; float: none; width: 489px; height: 15px;\"><span style=\"box-sizing: content-box; margin: 0px; padding: 0px; border: 0px; font-style: inherit; font-weight: inherit; font-size: 16px; line-height: 24px; font-family: arial, helvetica, sans-serif; vertical-align: baseline;\">10m</span></td>\r\n</tr>\r\n<tr style=\"box-sizing: content-box; margin: 0px; padding: 0px; font-style: inherit; font-weight: inherit; font-size: 12px; line-height: inherit; height: 15px;\">\r\n<td style=\"box-sizing: content-box; margin: 0px; padding: 0px; font-style: inherit; font-weight: 400; font-size: 12px; line-height: inherit; float: none; width: 191px; height: 15px;\"><span style=\"box-sizing: content-box; margin: 0px; padding: 0px; border: 0px; font-style: inherit; font-weight: inherit; font-size: 16px; line-height: 24px; font-family: arial, helvetica, sans-serif; vertical-align: baseline;\">Talking Time</span></td>\r\n<td style=\"box-sizing: content-box; margin: 0px; padding: 0px; font-style: inherit; font-weight: 400; font-size: 12px; line-height: inherit; float: none; width: 489px; height: 15px;\"><span style=\"box-sizing: content-box; margin: 0px; padding: 0px; border: 0px; font-style: inherit; font-weight: inherit; font-size: 16px; line-height: 24px; font-family: arial, helvetica, sans-serif; vertical-align: baseline;\">4 Hours</span></td>\r\n</tr>\r\n<tr style=\"box-sizing: content-box; margin: 0px; padding: 0px; font-style: inherit; font-weight: inherit; font-size: 12px; line-height: inherit; height: 15px;\">\r\n<td style=\"box-sizing: content-box; margin: 0px; padding: 0px; font-style: inherit; font-weight: 400; font-size: 12px; line-height: inherit; float: none; width: 191px; height: 15px;\"><span style=\"box-sizing: content-box; margin: 0px; padding: 0px; border: 0px; font-style: inherit; font-weight: inherit; font-size: 16px; line-height: 24px; font-family: arial, helvetica, sans-serif; vertical-align: baseline;\">Playing Time</span></td>\r\n<td style=\"box-sizing: content-box; margin: 0px; padding: 0px; font-style: inherit; font-weight: 400; font-size: 12px; line-height: inherit; float: none; width: 489px; height: 15px;\"><span style=\"box-sizing: content-box; margin: 0px; padding: 0px; border: 0px; font-style: inherit; font-weight: inherit; font-size: 16px; line-height: 24px; font-family: arial, helvetica, sans-serif; vertical-align: baseline;\">3-4 Hours</span></td>\r\n</tr>\r\n<tr style=\"box-sizing: content-box; margin: 0px; padding: 0px; font-style: inherit; font-weight: inherit; font-size: 12px; line-height: inherit; height: 15px;\">\r\n<td style=\"box-sizing: content-box; margin: 0px; padding: 0px; font-style: inherit; font-weight: 400; font-size: 12px; line-height: inherit; float: none; width: 191px; height: 15px;\"><span style=\"box-sizing: content-box; margin: 0px; padding: 0px; border: 0px; font-style: inherit; font-weight: inherit; font-size: 16px; line-height: 24px; font-family: arial, helvetica, sans-serif; vertical-align: baseline;\"><strong><span style=\"box-sizing: content-box; margin: 0px; padding: 0px; border: 0px; font-style: normal; font-weight: 400; font-size: inherit; line-height: 24px; vertical-align: baseline; color: #000000; background-color: #ffffff; float: none; display: inline !important;\">Headset charging</span></strong></span></td>\r\n<td style=\"box-sizing: content-box; margin: 0px; padding: 0px; font-style: inherit; font-weight: 400; font-size: 12px; line-height: inherit; float: none; width: 489px; height: 15px;\"><span style=\"box-sizing: content-box; margin: 0px; padding: 0px; border: 0px; font-style: inherit; font-weight: inherit; font-size: 16px; line-height: 24px; font-family: arial, helvetica, sans-serif; vertical-align: baseline;\">30-45 Minutes</span></td>\r\n</tr>\r\n<tr style=\"box-sizing: content-box; margin: 0px; padding: 0px; font-style: inherit; font-weight: inherit; font-size: 12px; line-height: inherit; height: 15px;\">\r\n<td style=\"box-sizing: content-box; margin: 0px; padding: 0px; font-style: inherit; font-weight: 400; font-size: 12px; line-height: inherit; float: none; width: 191px; height: 15px;\"><span style=\"box-sizing: content-box; margin: 0px; padding: 0px; border: 0px; font-style: normal; font-weight: 400; font-size: 16px; line-height: 24px; font-family: arial, helvetica, sans-serif; vertical-align: baseline; color: #000000; background-color: #ffffff; float: none; display: inline !important;\">Battery charging</span></td>\r\n<td style=\"box-sizing: content-box; margin: 0px; padding: 0px; font-style: inherit; font-weight: 400; font-size: 12px; line-height: inherit; float: none; width: 489px; height: 15px;\"><span style=\"box-sizing: content-box; margin: 0px; padding: 0px; border: 0px; font-style: normal; font-weight: 400; font-size: 16px; line-height: 24px; font-family: arial, helvetica, sans-serif; vertical-align: baseline; color: #000000; background-color: #ffffff; float: none; display: inline !important;\">1 hour~2 hours</span></td>\r\n</tr>\r\n</tbody>\r\n</table>\r\n<p style=\"box-sizing: content-box; margin: 0px; padding: 0px; border: 0px; vertical-align: baseline;\">&nbsp;<img data-src=\"//sc02.alicdn.com/kf/HTB1.FC_bEKF3KVjSZFEq6xExFXaW/234848502/HTB1.FC_bEKF3KVjSZFEq6xExFXaW.jpg\" data-alt=\"CE /ROHS/KC certificated BT5.0 Wireless X23/X23D mini TWS earphones headsets headphones earphones wireless earbuds\" /><img src=\"//sc02.alicdn.com/kf/HTB1sNiYbvWG3KVjSZFgq6zTspXa1/234848502/HTB1sNiYbvWG3KVjSZFgq6zTspXa1.jpg\" alt=\"CE /ROHS/KC certificated BT5.0 Wireless X23/X23D mini TWS earphones headsets headphones earphones wireless earbuds\" /><noscript><img src=\"\" alt=\"CE /ROHS/KC certificated BT5.0 Wireless X23/X23D mini TWS earphones headsets headphones earphones wireless earbuds\" ori-width=\"750\" ori-height=\"1005\"></noscript></p>\r\n<div id=\"ali-anchor-AliPostDhMb-4beg8\" style=\"box-sizing: content-box; margin: 0px; padding: 8px 0px 0px; border: 0px; vertical-align: baseline;\" data-section=\"AliPostDhMb-4beg8\" data-section-title=\"Our Services\">\r\n<div id=\"ali-title-AliPostDhMb-4beg8\" style=\"box-sizing: content-box; margin: 0px; padding: 8px 0px; vertical-align: baseline;\"><span style=\"background-color: #ddd; color: #333; font-weight: bold; padding: 8px 10px; line-height: 12px;\">Our Services</span></div>\r\n<div style=\"box-sizing: content-box; margin: 0px; padding: 10px 0px; border: 0px; vertical-align: baseline;\">\r\n<p style=\"box-sizing: content-box; margin: 0px; padding: 0px; border: 0px; vertical-align: baseline;\">&nbsp;<span style=\"box-sizing: content-box; margin: 0px; padding: 0px; border: 0px; font-style: normal; font-weight: 400; font-size: 14px; line-height: 21px; vertical-align: baseline; color: #333333; background-color: #ffffff; float: none; display: inline !important;\">1. We are&nbsp;Bluetooth Factory with own R &amp;D and powerful technology for more than 10 years;</span><br /><br /><span style=\"box-sizing: content-box; margin: 0px; padding: 0px; border: 0px; font-style: normal; font-weight: 400; font-size: 14px; line-height: 21px; vertical-align: baseline; color: #333333; background-color: #ffffff; float: none; display: inline !important;\">2. We have our&nbsp; production line;&nbsp;</span><br /><br /><span style=\"box-sizing: content-box; margin: 0px; padding: 0px; border: 0px; font-style: normal; font-weight: 400; font-size: 14px; line-height: 21px; vertical-align: baseline; color: #333333; background-color: #ffffff; float: none; display: inline !important;\">3.&nbsp;&nbsp;We can offer best price with high quality .</span><br /><br /><span style=\"box-sizing: content-box; margin: 0px; padding: 0px; border: 0px; font-style: normal; font-weight: 400; font-size: 14px; line-height: 21px; vertical-align: baseline; color: #333333; background-color: #ffffff; float: none; display: inline !important;\">4. Low MOQ QTY to support different sellers;</span><br /><br /><span style=\"box-sizing: content-box; margin: 0px; padding: 0px; border: 0px; font-style: normal; font-weight: 400; font-size: 14px; line-height: 21px; vertical-align: baseline; color: #333333; background-color: #ffffff; float: none; display: inline !important;\">5. support OEM of logo and box&nbsp;</span><br /><br /><span style=\"box-sizing: content-box; margin: 0px; padding: 0px; border: 0px; font-style: normal; font-weight: 400; font-size: 14px; line-height: 21px; vertical-align: baseline; color: #333333; background-color: #ffffff; float: none; display: inline !important;\">6. Enough&nbsp;Bluretooth&nbsp; Stock to keep fast lead time</span><br /><br /><span style=\"box-sizing: content-box; margin: 0px; padding: 0px; border: 0px; font-style: normal; font-weight: 400; font-size: 14px; line-height: 21px; vertical-align: baseline; color: #333333; background-color: #ffffff; float: none; display: inline !important;\">7.Best service for customers to meet time table</span></p>\r\n</div>\r\n</div>\r\n<div id=\"ali-anchor-AliPostDhMb-qizkt\" style=\"box-sizing: content-box; margin: 0px; padding: 8px 0px 0px; border: 0px; vertical-align: baseline;\" data-section=\"AliPostDhMb-qizkt\" data-section-title=\"Packaging &amp; Shipping\">\r\n<div id=\"ali-title-AliPostDhMb-qizkt\" style=\"box-sizing: content-box; margin: 0px; padding: 8px 0px; vertical-align: baseline;\"><span style=\"background-color: #ddd; color: #333; font-weight: bold; padding: 8px 10px; line-height: 12px;\">Packaging &amp; Shipping</span></div>\r\n<div style=\"box-sizing: content-box; margin: 0px; padding: 10px 0px; border: 0px; vertical-align: baseline;\">\r\n<p style=\"box-sizing: content-box; margin: 0px; padding: 0px; border: 0px; vertical-align: baseline;\">&nbsp;Packaged included :&nbsp;</p>\r\n<p style=\"box-sizing: content-box; margin: 0px; padding: 0px; border: 0px; vertical-align: baseline;\">&nbsp;</p>\r\n<p style=\"box-sizing: content-box; margin: 0px; padding: 0px; border: 0px; vertical-align: baseline;\"><span style=\"box-sizing: content-box; margin: 0px; padding: 0px; border: 0px; font-style: normal; font-weight: 400; font-size: 16px; line-height: 24px; font-family: arial, helvetica, sans-serif; vertical-align: baseline; color: #000000; background-color: #ffffff;\"><span style=\"box-sizing: content-box; margin: 0px; padding: 0px; border: 0px; font-style: normal; font-weight: normal; font-size: inherit; line-height: 24px; vertical-align: baseline; color: #000000; background-color: #ffffff; float: none; display: inline !important;\">2X Bluetooth Earbud</span></span><br /><span style=\"box-sizing: content-box; margin: 0px; padding: 0px; border: 0px; font-style: normal; font-weight: normal; font-size: 16px; line-height: 24px; font-family: arial, helvetica, sans-serif; vertical-align: baseline; color: #000000; background-color: #ffffff; float: none; display: inline !important;\">1X Charger Box</span><br /><span style=\"box-sizing: content-box; margin: 0px; padding: 0px; border: 0px; font-style: normal; font-weight: normal; font-size: 16px; line-height: 24px; font-family: arial, helvetica, sans-serif; vertical-align: baseline; color: #000000; background-color: #ffffff; float: none; display: inline !important;\">1X User Manual</span><br /><span style=\"box-sizing: content-box; margin: 0px; padding: 0px; border: 0px; font-style: normal; font-weight: normal; font-size: 16px; line-height: 24px; font-family: arial, helvetica, sans-serif; vertical-align: baseline; color: #000000; background-color: #ffffff; float: none; display: inline !important;\">1X Charging Cable</span></p>\r\n<p style=\"box-sizing: content-box; margin: 0px; padding: 0px; border: 0px; vertical-align: baseline;\">&nbsp;&nbsp;</p>\r\n<p style=\"box-sizing: content-box; margin: 0px; padding: 0px; border: 0px; vertical-align: baseline;\">Shipping:<br /><br /><span style=\"color: #333333; font-size: 14px; font-style: normal; font-weight: 400; background-color: #ffffff; display: inline !important; float: none;\">1. DHL/UPS/FedEx/EMS/TOLL/SAGAWA/TNT for samples, Door-to-Door;</span><br /><span style=\"color: #333333; font-size: 14px; font-style: normal; font-weight: 400; background-color: #ffffff; display: inline !important; float: none;\">2. By Air or by Sea for goods;</span><br /><span style=\"color: #333333; font-size: 14px; font-style: normal; font-weight: 400; background-color: #ffffff; display: inline !important; float: none;\">3. Customers specifying freight forwarders or negotiable shipping methods!</span><br /><span style=\"color: #333333; font-size: 14px; font-style: normal; font-weight: 400; background-color: #ffffff; display: inline !important; float: none;\">4. Delivery Time: 3-7 days for samples; 5-25 days for batch goods.</span></p>\r\n<p style=\"box-sizing: content-box; margin: 0px; padding: 0px; border: 0px; vertical-align: baseline;\">&nbsp;<img data-src=\"//sc02.alicdn.com/kf/HTB1GTQ9XBiE3KVjSZFMq6zQhVXan/234848502/HTB1GTQ9XBiE3KVjSZFMq6zQhVXan.jpg\" data-alt=\"CE /ROHS/KC certificated BT5.0 Wireless X23/X23D mini TWS earphones headsets headphones earphones wireless earbuds\" /><img src=\"//sc02.alicdn.com/kf/HTB1.FC_bEKF3KVjSZFEq6xExFXaW/234848502/HTB1.FC_bEKF3KVjSZFEq6xExFXaW.jpg\" alt=\"CE /ROHS/KC certificated BT5.0 Wireless X23/X23D mini TWS earphones headsets headphones earphones wireless earbuds\" /><noscript><img src=\"\" alt=\"CE /ROHS/KC certificated BT5.0 Wireless X23/X23D mini TWS earphones headsets headphones earphones wireless earbuds\" ori-width=\"750\" ori-height=\"658\"></noscript></p>\r\n<p style=\"box-sizing: content-box; margin: 0px; padding: 0px; border: 0px; vertical-align: baseline;\">&nbsp;</p>\r\n<p style=\"box-sizing: content-box; margin: 0px; padding: 0px; border: 0px; vertical-align: baseline;\">&nbsp;<strong>Payment Term:&nbsp;&nbsp;</strong><span style=\"color: #333333; font-size: 14px; font-style: normal; font-weight: 400; background-color: #ffffff; display: inline !important; float: none;\">TT . </span><span style=\"color: #333333; font-size: 14px; font-style: normal; font-weight: 400; background-color: #ffffff; display: inline !important; float: none;\">Western Union, Paypal.Alibaba</span></p>\r\n</div>\r\n</div>\r\n<p style=\"box-sizing: content-box; margin: 0px; padding: 0px; border: 0px; vertical-align: baseline;\">&nbsp;</p>\r\n<p style=\"box-sizing: content-box; margin: 0px; padding: 0px; border: 0px; vertical-align: baseline;\"><strong>&nbsp;Delivery:</strong><br /><br /><span style=\"box-sizing: content-box; margin: 0px; padding: 0px; border: 0px; font-style: normal; font-weight: 400; font-size: 14px; line-height: 21px; vertical-align: baseline; color: #333333; background-color: #ffffff; float: none; display: inline !important;\">For less than 200 pcs, we will ship out within 1-3 working days!</span><br /><br /><span style=\"box-sizing: content-box; margin: 0px; padding: 0px; border: 0px; font-style: normal; font-weight: 400; font-size: 14px; line-height: 21px; vertical-align: baseline; color: #333333; background-color: #ffffff; float: none; display: inline !important;\">For more than 200pcs, we will inform you the exact shipping time when you place an order</span><br /><br /><span style=\"box-sizing: content-box; margin: 0px; padding: 0px; border: 0px; font-style: normal; font-weight: 400; font-size: 14px; line-height: 21px; vertical-align: baseline; color: #333333; background-color: #ffffff; float: none; display: inline !important;\">If there is a few styles are out of shock, we will contact you in advance! Thanks for understanding!</span></p>\r\n<p style=\"box-sizing: content-box; margin: 0px; padding: 0px; border: 0px; vertical-align: baseline;\">&nbsp;</p>\r\n<div id=\"ali-anchor-AliPostDhMb-9cm1v\" style=\"padding-top: 8px;\" data-section=\"AliPostDhMb-9cm1v\" data-section-title=\"Company Information\">\r\n<div id=\"ali-title-AliPostDhMb-9cm1v\" style=\"padding: 8px 0; border-bottom: 1px solid #ddd;\"><span style=\"background-color: #ddd; color: #333; font-weight: bold; padding: 8px 10px; line-height: 12px;\">Company Information</span></div>\r\n<div style=\"padding: 10px 0;\">\r\n<p>&nbsp;<strong><span style=\"font-size: medium;\">Shenzhen&nbsp;Xinbolong Technology Company Limited</span></strong><span style=\"color: #333333; font-size: 14px; font-style: normal; font-weight: 400; background-color: #ffffff; display: inline !important; float: none;\">&nbsp;is a professional manufacturer and exporter of wireless earphones, mobile phone &amp; tablet accessories etc. Our company strives to provide customers with high quality products , most competitive price and excellent services.&nbsp;</span><br /><br /><span style=\"color: #333333; font-size: 14px; font-style: normal; font-weight: 400; background-color: #ffffff; display: inline !important; float: none;\">Our factory is located in Shenzhen city, strictly implementing the ISO9001 standards to manufacture top quality products to satisfy customer\'s needs. Constantly developing new products for our clients, we are one of the leading companies in the wireless product market.&nbsp;</span><br /><br /><span style=\"color: #333333; font-size: 14px; font-style: normal; font-weight: 400; background-color: #ffffff; display: inline !important; float: none;\">If you are interested , please visit our website for more information. We are looking forward to establishing long-term business relationships with customers at home and abroad based on mutual benefits.</span></p>\r\n<p><span style=\"color: #333333; font-size: 14px; font-style: normal; font-weight: 400; background-color: #ffffff; display: inline !important; float: none;\">&nbsp;</span></p>\r\n</div>\r\n</div>\r\n<div id=\"ali-anchor-AliPostDhMb-v15ry\" style=\"padding-top: 8px;\" data-section=\"AliPostDhMb-v15ry\" data-section-title=\"FAQ\">\r\n<div id=\"ali-title-AliPostDhMb-v15ry\" style=\"padding: 8px 0; border-bottom: 1px solid #ddd;\"><span style=\"background-color: #ddd; color: #333; font-weight: bold; padding: 8px 10px; line-height: 12px;\">FAQ</span></div>\r\n<div style=\"padding: 10px 0;\">\r\n<p>&nbsp;</p>\r\n<p style=\"padding: 0pt 0pt 0pt 0pt; vertical-align: baseline; background: #ffffff; margin: 0.0000pt;\"><span style=\"font-family: Arial; color: #333333; font-style: normal; font-size: 9.0000pt; background: #ffffff;\">Q: Are&nbsp;you&nbsp;a factory&nbsp;or&nbsp;</span><span style=\"color: #333333; font-style: normal; font-size: 9.0000pt; background: #ffffff;\">a </span><span style=\"font-family: Arial; color: #333333; font-style: normal; font-size: 9.0000pt; background: #ffffff;\">trading&nbsp;company?</span></p>\r\n<p style=\"padding: 0pt 0pt 0pt 0pt; vertical-align: baseline; background: #ffffff; margin: 0.0000pt;\"><span style=\"font-family: Arial; color: #333333; font-style: normal; font-size: 9.0000pt; background: #ffffff;\">A: We&nbsp;are&nbsp;factory&nbsp;</span><span style=\"color: #333333; font-style: normal; font-size: 9.0000pt; background: #ffffff;\">more than 10years for this business .</span><span style=\"font-family: Arial; color: #333333; font-style: normal; font-size: 9.0000pt; background: #ffffff;\">&nbsp;</span></p>\r\n<p style=\"padding: 0pt 0pt 0pt 0pt; text-align: left; vertical-align: baseline; background: #ffffff; margin: 0.0000pt;\"><span style=\"font-family: Arial; color: #333333; font-style: normal; font-size: 9.0000pt; background: #ffffff;\">&nbsp;</span></p>\r\n<p style=\"padding: 0pt 0pt 0pt 0pt; vertical-align: baseline; background: #ffffff; margin: 0.0000pt;\"><span style=\"font-family: Arial; color: #333333; font-style: normal; font-size: 9.0000pt; background: #ffffff;\">Q: What\'s the delivery time?</span></p>\r\n<p style=\"padding: 0pt 0pt 0pt 0pt; vertical-align: baseline; background: #ffffff; margin: 0.0000pt;\"><span style=\"font-family: Arial; color: #333333; font-style: normal; font-size: 9.0000pt; background: #ffffff;\">A:&nbsp;1-7 days depends on order quantity</span></p>\r\n<p style=\"padding: 0pt 0pt 0pt 0pt; vertical-align: baseline; background: #ffffff; margin: 0.0000pt;\"><span style=\"font-family: Arial; color: #333333; font-style: normal; font-size: 9.0000pt; background: #ffffff;\">&nbsp;</span></p>\r\n<p style=\"padding: 0pt 0pt 0pt 0pt; vertical-align: baseline; background: #ffffff; margin: 0.0000pt;\"><span style=\"font-family: Arial; color: #333333; font-style: normal; font-size: 9.0000pt; background: #ffffff;\">Q:&nbsp;What&nbsp;is&nbsp;your&nbsp;quality&nbsp;control&nbsp;process?</span></p>\r\n<p style=\"padding: 0pt 0pt 0pt 0pt; vertical-align: baseline; background: #ffffff; margin: 0.0000pt;\"><span style=\"font-family: Arial; color: #333333; font-style: normal; font-size: 9.0000pt; background: #ffffff;\">A: We&nbsp;do&nbsp;100%&nbsp;testing&nbsp;for all&nbsp;products&nbsp;before packing.&nbsp;We </span><span style=\"color: #333333; font-style: normal; font-size: 9.0000pt; background: #ffffff;\">have </span><span style=\"font-family: Arial; color: #333333; font-style: normal; font-size: 9.0000pt; background: #ffffff;\">&nbsp;CE </span><span style=\"color: #333333; font-style: normal; font-size: 9.0000pt; background: #ffffff;\">/FCC/Rohs </span><span style=\"font-family: Arial; color: #333333; font-style: normal; font-size: 9.0000pt; background: #ffffff;\">certified and strictly follow the ISO procedures</span><span style=\"color: #333333; font-style: normal; font-size: 9.0000pt; background: #ffffff;\">&nbsp;&nbsp;strictly ,</span><span style=\"font-family: Arial; color: #333333; font-style: normal; font-size: 9.0000pt; background: #ffffff;\">. We have an excellent QC process and department, they will inspect every&nbsp;product&nbsp;and ensure the Bluetooth earphone can work before shipped out.</span></p>\r\n<p style=\"padding: 0pt 0pt 0pt 0pt; vertical-align: baseline; background: #ffffff; margin: 0.0000pt;\"><span style=\"font-family: Arial; color: #333333; font-style: normal; font-size: 9.0000pt; background: #ffffff;\">&nbsp;</span></p>\r\n<p style=\"padding: 0pt 0pt 0pt 0pt; vertical-align: baseline; background: #ffffff; margin: 0.0000pt;\"><span style=\"font-family: Arial; color: #333333; font-style: normal; font-size: 9.0000pt; background: #ffffff;\">Q:&nbsp;Do&nbsp;you&nbsp;have&nbsp;quality&nbsp;gurantee?</span></p>\r\n<p style=\"padding: 0pt 0pt 0pt 0pt; vertical-align: baseline; background: #ffffff; margin: 0.0000pt;\"><span style=\"font-family: Arial; color: #333333; font-style: normal; font-size: 9.0000pt; background: #ffffff;\">A: Yes,&nbsp;we&nbsp;do&nbsp;1&nbsp;Year&nbsp;Warranty&nbsp;for all wireless Bluetooth earphone. Defective&nbsp;products can be replaced freely within warranty period.&nbsp;</span></p>\r\n<p style=\"padding: 0pt 0pt 0pt 0pt; vertical-align: baseline; background: #ffffff; margin: 0.0000pt;\"><span style=\"font-family: Arial; color: #333333; font-style: normal; font-size: 9.0000pt; background: #ffffff;\">&nbsp;</span></p>\r\n<p style=\"padding: 0pt 0pt 0pt 0pt; vertical-align: baseline; background: #ffffff; margin: 0.0000pt;\"><span style=\"font-family: Arial; color: #333333; font-style: normal; font-size: 9.0000pt; background: #ffffff;\">Q:&nbsp;What\'s the&nbsp;payment way?</span></p>\r\n<p style=\"padding: 0pt 0pt 0pt 0pt; vertical-align: baseline; background: #ffffff; margin: 0.0000pt;\"><span style=\"font-family: Arial; color: #333333; font-style: normal; font-size: 9.0000pt; background: #ffffff;\">A: We recommend&nbsp;</span><span style=\"color: #333333; font-style: normal; font-size: 9.0000pt; background: #ffffff;\">&nbsp;&nbsp;</span><span style=\"font-family: Arial; color: #333333; font-style: normal; font-size: 9.0000pt; background: #ffffff;\">T/T for bulk&nbsp;orders,&nbsp;and&nbsp;</span><span style=\"color: #333333; font-style: normal; font-size: 9.0000pt; background: #ffffff;\">&nbsp;Alibaba trade assurance , &nbsp;</span><span style=\"font-family: Arial; color: #333333; font-style: normal; font-size: 9.0000pt; background: #ffffff;\">Western&nbsp;union or&nbsp;Paypal for small orders.</span></p>\r\n<p style=\"padding: 0pt 0pt 0pt 0pt; vertical-align: baseline; background: #ffffff; margin: 0.0000pt;\"><span style=\"font-family: Arial; color: #333333; font-style: normal; font-size: 9.0000pt; background: #ffffff;\">&nbsp;&nbsp;</span></p>\r\n<p style=\"padding: 0pt 0pt 0pt 0pt; vertical-align: baseline; background: #ffffff; margin: 0.0000pt;\"><span style=\"font-family: Arial; color: #333333; font-style: normal; font-size: 9.0000pt; background: #ffffff;\">Q: May I have your free samples?</span></p>\r\n<p style=\"padding: 0pt 0pt 0pt 0pt; vertical-align: baseline; background: #ffffff; margin: 0.0000pt;\"><span style=\"font-family: Arial; color: #333333; font-style: normal; font-size: 9.0000pt; background: #ffffff;\">A:&nbsp;We will send the sample to you after you pay the sample cost. If you are satisfied with our sample, you can keep it and we will subtract the sample cost in your formal&nbsp;order. If you are not satisfied with our sample, you can reject it and send back to us. We will return you the sample cost.</span></p>\r\n<p style=\"padding: 0pt 0pt 0pt 0pt; vertical-align: baseline; background: #ffffff; margin: 0.0000pt;\"><span style=\"font-family: Arial; color: #333333; font-style: normal; font-size: 9.0000pt; background: #ffffff;\">&nbsp;&nbsp;</span></p>\r\n<p style=\"padding: 0pt 0pt 0pt 0pt; text-align: left; vertical-align: baseline; background: #ffffff; margin: 0.0000pt;\"><span style=\"font-family: Arial; color: #333333; font-style: normal; font-size: 9.0000pt; background: #ffffff;\">Q: What\'s your best price for this wireless Bluetooth earphone?</span></p>\r\n<p style=\"padding: 0pt 0pt 0pt 0pt; text-align: left; vertical-align: baseline; background: #ffffff; margin: 0.0000pt;\"><span style=\"font-family: Arial; color: #333333; font-style: normal; font-size: 9.0000pt; background: #ffffff;\">A: We will quote you best price according to your quantity, so when you making an inquiry, please let us&nbsp;know the quantity you want.</span></p>\r\n<p style=\"padding: 0pt 0pt 0pt 0pt; text-align: left; vertical-align: baseline; background: #ffffff; margin: 0.0000pt;\"><span style=\"font-family: Arial; color: #333333; font-style: normal; font-size: 9.0000pt; background: #ffffff;\">&nbsp;</span></p>\r\n<p style=\"padding: 0pt 0pt 0pt 0pt; text-align: left; vertical-align: baseline; background: #ffffff; margin: 0.0000pt;\"><span style=\"font-family: Arial; color: #333333; font-style: normal; font-size: 9.0000pt; background: #ffffff;\">Q:&nbsp;What\'s your MOQ?&nbsp;</span></p>\r\n<p style=\"padding: 0pt 0pt 0pt 0pt; text-align: left; vertical-align: baseline; background: #ffffff; margin: 0.0000pt;\"><span style=\"font-family: Arial; color: #333333; font-style: normal; font-size: 9.0000pt; background: #ffffff;\">A: </span><span style=\"color: #333333; font-style: normal; font-size: 9.0000pt; background: #ffffff;\">we can accept samples order also , </span><span style=\"font-family: Arial; color: #333333; font-style: normal; font-size: 9.0000pt; background: #ffffff;\">MOQ is 50pcs .&nbsp;</span></p>\r\n<p style=\"padding: 0pt 0pt 0pt 0pt; text-align: left; vertical-align: baseline; background: #ffffff; margin: 0.0000pt;\"><span style=\"font-family: Arial; color: #333333; font-style: normal; font-size: 9.0000pt; background: #ffffff;\">&nbsp;</span></p>\r\n<p style=\"padding: 0pt 0pt 0pt 0pt; text-align: left; vertical-align: baseline; background: #ffffff; margin: 0.0000pt;\"><span style=\"font-family: Arial; color: #333333; font-style: normal; font-size: 9.0000pt; background: #ffffff;\">Q:&nbsp;What\'s your packing?</span></p>\r\n<p style=\"padding: 0pt 0pt 0pt 0pt; text-align: left; vertical-align: baseline; background: #ffffff; margin: 0.0000pt;\"><span style=\"font-family: Arial; color: #333333; font-style: normal; font-size: 9.0000pt; background: #ffffff;\">A: Our packing for&nbsp;Bluetooth earphones is colorful box, customized packing box is available for bulk orders.</span></p>\r\n<p><span style=\"font-family: Calibri; font-size: 10.5000pt;\">&nbsp;</span></p>\r\n<p><br /><span style=\"color: #333333; font-size: 14px; font-style: normal; font-weight: 400; background-color: #ffffff; display: inline !important; float: none;\">Should you have any questions or concerns, please don\'t hesitate to send me a email or call me directly.</span></p>\r\n<p>&nbsp;</p>\r\n<p>&nbsp;</p>\r\n</div>\r\n</div>\r\n<div style=\"box-sizing: border-box; margin: 0px; padding: 0px; border: 0px; font-style: normal; font-weight: 400; font-size: 12px; line-height: inherit; font-family: Helvetica,Tahoma,Arial; vertical-align: baseline; color: #333333; background-color: #ffffff;\">\r\n<div style=\"box-sizing: border-box; margin: 0px; padding: 0px; border: 0px; vertical-align: baseline;\">\r\n<div style=\"box-sizing: border-box; margin: 0px; padding: 0px; border: 0px; vertical-align: baseline; overflow: hidden;\">\r\n<div style=\"box-sizing: border-box; margin: 0px; padding: 0px; vertical-align: baseline;\">\r\n<div style=\"box-sizing: border-box; margin: 0px; padding: 10px 0px 16px; font-style: inherit; font-weight: inherit; font-size: 12px; line-height: inherit; vertical-align: baseline;\">\r\n<div style=\"box-sizing: border-box; margin: 0px; padding: 8px 0px; border: 0px; font-style: inherit; font-weight: bold; font-size: 14px; line-height: 14px; vertical-align: baseline; color: #333333;\">&nbsp;</div>\r\n<div style=\"box-sizing: border-box; margin: 0px -20px; padding: 0px; border: 0px; vertical-align: baseline;\">\r\n<dl>\r\n<dd>\r\n<div id=\"J-mk-packaging\" style=\"box-sizing: border-box; margin: 0px; padding: 10px 0px 0px; border: 0px; vertical-align: baseline;\">\r\n<p style=\"box-sizing: border-box; margin: 0px; padding: 0px; border: 0px; font-style: inherit; font-weight: inherit; font-size: 0px; line-height: inherit; vertical-align: baseline;\">&nbsp;</p>\r\n</div>\r\n</dd>\r\n</dl>\r\n</div>\r\n</div>\r\n</div>\r\n</div>\r\n</div>\r\n</div>\r\n</div>\r\n<!-- tangram:4450 begin--> <!-- ICBU detail loader --> <!-- tangram:4448 begin--> <!-- tangram:4448 end--><!-- tangram:4450 end--></div>', '50', NULL, 150, 199, 0, NULL, 16, 'Condition', 'New', 'Avaiability', 'In Stock', NULL, NULL, '2019-08-01 18:46:28', '2019-08-01 12:46:28');
INSERT INTO `products` (`id`, `web_url`, `name`, `brand`, `category_id`, `primary_image`, `other_images`, `description`, `minimum_orders`, `unit`, `start_price`, `end_price`, `is_featured`, `tags`, `views`, `text_one_title`, `text_one_text`, `text_two_title`, `text_two_text`, `text_three_title`, `text_three_text`, `created_at`, `updated_at`) VALUES
(17, 'https://www.alibaba.com/product-detail/China-manufacturer-mini-capsule-three-folding_60753552162.html?spm=a2700.galleryofferlist.normalList.24.1223cf05iX6t1B', 'China manufacturer mini capsule three folding umbrella with uv protection', NULL, 68, '//sc02.alicdn.com/kf/HTB157rovQZmBKNjSZPiq6xFNVXav/China-manufacturer-mini-capsule-three-folding-umbrella.jpg', '[\"https:\\/\\/img.alicdn.com\\/imgextra\\/i2\\/6000000006766\\/TB2WEYwwk7mBKNjSZFyXXbydFXa_!!6000000006766-0-tbvideo.jpg\",\"\\/\\/sc02.alicdn.com\\/kf\\/HTB157rovQZmBKNjSZPiq6xFNVXav\\/China-manufacturer-mini-capsule-three-folding-umbrella.jpg_350x350.jpg\",\"\\/\\/sc01.alicdn.com\\/kf\\/HTB11jLEdByWBuNkSmFPq6xguVXaF\\/China-manufacturer-mini-capsule-three-folding-umbrella.jpg_350x350.jpg\",\"\\/\\/sc02.alicdn.com\\/kf\\/HTB1gsfjdfImBKNjSZFlq6A43FXat\\/China-manufacturer-mini-capsule-three-folding-umbrella.jpg_350x350.jpg\",\"\\/\\/sc01.alicdn.com\\/kf\\/HTB1OI2qdbArBKNjSZFLq6A_dVXa4\\/China-manufacturer-mini-capsule-three-folding-umbrella.jpg_350x350.jpg\",\"\\/\\/sc02.alicdn.com\\/kf\\/HTB144P4dyCYBuNkHFCcq6AHtVXag\\/China-manufacturer-mini-capsule-three-folding-umbrella.jpg_350x350.jpg\",\"\\/\\/sc01.alicdn.com\\/kf\\/HTB10r5sdXooBKNjSZPhq6A2CXXai\\/China-manufacturer-mini-capsule-three-folding-umbrella.jpg_350x350.jpg\"]', '<div class=\"scc-wrapper detail-module module-productSpecification\" data-spm=\"pronpeci14\"><!--false | 60753552162 | -->\r\n<div id=\"J-rich-text-description\" class=\"richtext richtext-detail rich-text-description\">\r\n<div id=\"ali-anchor-AliPostDhMb-vvuy3\" style=\"padding-top: 8px;\" data-section=\"AliPostDhMb-vvuy3\" data-section-title=\"Welcome to BOWEI\">\r\n<div id=\"ali-title-AliPostDhMb-vvuy3\" style=\"padding: 8px 0; border-bottom: 1px solid #ddd;\"><span style=\"background-color: #ddd; color: #333; font-weight: bold; padding: 8px 10px; line-height: 12px;\">Welcome to BOWEI</span></div>\r\n<div style=\"padding: 10px 0;\">\r\n<p><img usemap=\"#Map1\" border=\"0\" data-src=\"//sc02.alicdn.com/kf/HTB1z.CSd1LM8KJjSZFqq6y7.FXa9/231050044/HTB1z.CSd1LM8KJjSZFqq6y7.FXa9.jpg\" data-alt=\"China manufacturer mini capsule three folding umbrella with uv protection\" /><noscript><img src=\"\" alt=\"China manufacturer mini capsule three folding umbrella with uv protection\" usemap=\"#Map1\" border=\"0\" ori-width=\"780\" ori-height=\"204\"></noscript><map name=\"Map1\"> \r\n<area coords=\"3,4,776,200\" shape=\"rect\" href=\"https://boweiumbrella.en.alibaba.com/?spm=a2700.details.toavopna6.2.4c37ffce5F3FiC\" />\r\n </map></p>\r\n</div>\r\n</div>\r\n<div id=\"ali-anchor-AliPostDhMb-x2ii2\" style=\"padding-top: 8px;\" data-section=\"AliPostDhMb-x2ii2\" data-section-title=\"Product Description\">\r\n<div id=\"ali-title-AliPostDhMb-x2ii2\" style=\"padding: 8px 0; border-bottom: 1px solid #ddd;\"><span style=\"background-color: #ddd; color: #333; font-weight: bold; padding: 8px 10px; line-height: 12px;\">Product Description</span></div>\r\n<div style=\"padding: 10px 0;\">\r\n<p><strong><span style=\"font-family: arial, helvetica, sans-serif; font-size: 18px;\">&nbsp; &nbsp;China manufacturer mini capsule three folding umbrella with uv protection</span></strong></p>\r\n<table style=\"border-collapse: collapse; width: 654.667px;\">\r\n<tbody>\r\n<tr>\r\n<td style=\"color: #000000; font-size: 12pt; font-weight: 400; font-style: normal; text-decoration: none; vertical-align: middle; background: #fce4d6; height: 14.25pt; width: 184px; border: 0.5pt solid #000000;\" height=\"19\"><span style=\"font-family: arial, helvetica, sans-serif; font-size: 18px;\">Model&nbsp;Number</span></td>\r\n<td style=\"color: #000000; font-size: 12pt; font-weight: 400; font-style: normal; text-decoration: none; vertical-align: middle; background: #fce4d6; height: 14.25pt; width: 465.667px; border: 0.5pt solid #000000;\" height=\"19\"><span style=\"font-family: arial, helvetica, sans-serif; font-size: 18px;\">BW3048</span></td>\r\n</tr>\r\n<tr>\r\n<td style=\"color: #000000; font-size: 12pt; font-weight: 400; font-style: normal; text-decoration: none; vertical-align: middle; background: #fce4d6; height: 14.25pt; width: 184px; border: 0.5pt solid #000000;\" height=\"19\"><span style=\"font-family: arial, helvetica, sans-serif; font-size: 18px;\">Material</span></td>\r\n<td style=\"color: #000000; font-size: 12pt; font-weight: 400; font-style: normal; text-decoration: none; vertical-align: middle; background: #fce4d6; height: 14.25pt; width: 465.667px; border: 0.5pt solid #000000;\" height=\"19\"><span style=\"font-family: arial, helvetica, sans-serif; font-size: 18px;\">Pongee&nbsp;</span></td>\r\n</tr>\r\n<tr>\r\n<td style=\"color: #000000; font-size: 12pt; font-weight: 400; font-style: normal; text-decoration: none; vertical-align: middle; background: #fce4d6; height: 14.25pt; width: 184px; border: 0.5pt solid #000000;\" height=\"19\"><span style=\"font-family: arial, helvetica, sans-serif; font-size: 18px;\">Size</span></td>\r\n<td style=\"color: #000000; font-size: 12pt; font-weight: 400; font-style: normal; text-decoration: none; vertical-align: middle; background: #fce4d6; height: 14.25pt; width: 465.667px; border: 0.5pt solid #000000;\" height=\"19\"><span style=\"font-family: arial, helvetica, sans-serif; font-size: 18px;\">19inch*10K</span></td>\r\n</tr>\r\n<tr>\r\n<td style=\"color: #000000; font-size: 12pt; font-weight: 400; font-style: normal; text-decoration: none; vertical-align: middle; background: #fce4d6; height: 14.25pt; width: 184px; border: 0.5pt solid #000000;\" height=\"19\"><span style=\"font-family: arial, helvetica, sans-serif; font-size: 18px;\">Color</span></td>\r\n<td style=\"color: #000000; font-size: 12pt; font-weight: 400; font-style: normal; text-decoration: none; vertical-align: middle; background: #fce4d6; height: 14.25pt; width: 465.667px; border: 0.5pt solid #000000;\" height=\"19\"><span style=\"font-family: arial, helvetica, sans-serif; font-size: 18px;\">As&nbsp;picture&nbsp;or customized</span></td>\r\n</tr>\r\n<tr>\r\n<td style=\"color: #000000; font-size: 12pt; font-weight: 400; font-style: normal; text-decoration: none; vertical-align: middle; background: #fce4d6; height: 14.25pt; width: 184px; border: 0.5pt solid #000000;\" height=\"19\"><span style=\"font-family: arial, helvetica, sans-serif; font-size: 18px;\">Fabric</span></td>\r\n<td style=\"color: #000000; font-size: 12pt; font-weight: 400; font-style: normal; text-decoration: none; vertical-align: middle; background: #fce4d6; height: 14.25pt; width: 465.667px; border: 0.5pt solid #000000;\" height=\"19\"><span style=\"font-family: arial, helvetica, sans-serif; font-size: 18px;\">Pongee with UV</span></td>\r\n</tr>\r\n<tr>\r\n<td style=\"color: #000000; font-size: 12pt; font-weight: 400; font-style: normal; text-decoration: none; vertical-align: middle; background: #fce4d6; height: 14.25pt; width: 184px; border: 0.5pt solid #000000;\" height=\"19\"><span style=\"font-family: arial, helvetica, sans-serif; font-size: 18px;\">Shaft</span></td>\r\n<td style=\"color: #000000; font-size: 12pt; font-weight: 400; font-style: normal; text-decoration: none; vertical-align: middle; background: #fce4d6; height: 14.25pt; width: 465.667px; border: 0.5pt solid #000000;\" height=\"19\"><span style=\"font-family: arial, helvetica, sans-serif; font-size: 18px;\">Manual open Black Aluminum shaft</span></td>\r\n</tr>\r\n<tr>\r\n<td style=\"color: #000000; font-size: 12pt; font-weight: 400; font-style: normal; text-decoration: none; vertical-align: middle; background: #fce4d6; height: 14.25pt; width: 184px; border: 0.5pt solid #000000;\" height=\"19\"><span style=\"font-family: arial, helvetica, sans-serif; font-size: 18px;\">Frame</span></td>\r\n<td style=\"color: #000000; font-size: 12pt; font-weight: 400; font-style: normal; text-decoration: none; vertical-align: middle; background: #fce4d6; height: 14.25pt; width: 465.667px; border: 0.5pt solid #000000;\" height=\"19\"><span style=\"font-family: arial, helvetica, sans-serif; font-size: 18px;\">Black steel ribs</span></td>\r\n</tr>\r\n<tr>\r\n<td style=\"color: #000000; font-size: 12pt; font-weight: 400; font-style: normal; text-decoration: none; vertical-align: middle; background: #fce4d6; height: 14.25pt; width: 184px; border: 0.5pt solid #000000;\" height=\"19\"><span style=\"font-family: arial, helvetica, sans-serif; font-size: 18px;\">Handle</span></td>\r\n<td style=\"color: #000000; font-size: 12pt; font-weight: 400; font-style: normal; text-decoration: none; vertical-align: middle; background: #fce4d6; height: 14.25pt; width: 465.667px; border: 0.5pt solid #000000;\" height=\"19\"><span style=\"font-family: arial, helvetica, sans-serif; font-size: 18px;\">Plastic matching color round&nbsp; handle</span></td>\r\n</tr>\r\n<tr>\r\n<td style=\"color: #000000; font-size: 12pt; font-weight: 400; font-style: normal; text-decoration: none; vertical-align: middle; background: #fce4d6; height: 14.25pt; width: 184px; border: 0.5pt solid #000000;\" height=\"19\"><span style=\"font-family: arial, helvetica, sans-serif; font-size: 18px;\">Logo</span></td>\r\n<td style=\"color: #000000; font-size: 12pt; font-weight: 400; font-style: normal; text-decoration: none; vertical-align: middle; background: #fce4d6; height: 14.25pt; width: 465.667px; border: 0.5pt solid #000000;\" height=\"19\"><span style=\"font-family: arial, helvetica, sans-serif; font-size: 18px;\">Customized</span></td>\r\n</tr>\r\n<tr>\r\n<td style=\"color: #000000; font-size: 12pt; font-weight: 400; font-style: normal; text-decoration: none; vertical-align: middle; background: #fce4d6; height: 14.25pt; width: 184px; border: 0.5pt solid #000000;\" height=\"19\"><span style=\"font-family: arial, helvetica, sans-serif; font-size: 18px;\">Function</span></td>\r\n<td style=\"color: #000000; font-size: 12pt; font-weight: 400; font-style: normal; text-decoration: none; vertical-align: middle; background: #fce4d6; height: 14.25pt; width: 465.667px; border: 0.5pt solid #000000;\" height=\"19\"><span style=\"font-family: arial, helvetica, sans-serif; font-size: 18px;\">Strong UV-proof, rain-proof, Manual</span></td>\r\n</tr>\r\n<tr>\r\n<td style=\"color: #000000; font-size: 12pt; font-weight: 400; font-style: normal; text-decoration: none; vertical-align: middle; background: #fce4d6; height: 14.25pt; width: 184px; border: 0.5pt solid #000000;\" height=\"19\"><span style=\"font-family: arial, helvetica, sans-serif; font-size: 18px;\">OEM&amp;ODM&nbsp;</span></td>\r\n<td style=\"color: #000000; font-size: 12pt; font-weight: 400; font-style: normal; text-decoration: none; vertical-align: middle; background: #fce4d6; height: 14.25pt; width: 465.667px; border: 0.5pt solid #000000;\" height=\"19\"><span style=\"font-family: arial, helvetica, sans-serif; font-size: 18px;\">Available&nbsp;</span></td>\r\n</tr>\r\n<tr>\r\n<td style=\"color: #000000; font-size: 12pt; font-weight: 400; font-style: normal; text-decoration: none; vertical-align: middle; background: #fce4d6; height: 14.25pt; width: 184px; border: 0.5pt solid #000000;\" height=\"19\"><span style=\"font-family: arial, helvetica, sans-serif; font-size: 18px;\">Sample&nbsp;Time</span></td>\r\n<td style=\"color: #000000; font-size: 12pt; font-weight: 400; font-style: normal; text-decoration: none; vertical-align: middle; background: #fce4d6; height: 14.25pt; width: 465.667px; border: 0.5pt solid #000000;\" height=\"19\"><span style=\"font-family: arial, helvetica, sans-serif; font-size: 18px;\">7&nbsp;Days</span></td>\r\n</tr>\r\n<tr>\r\n<td style=\"color: #000000; font-size: 12pt; font-weight: 400; font-style: normal; text-decoration: none; vertical-align: middle; background: #fce4d6; height: 14.25pt; width: 184px; border: 0.5pt solid #000000;\" height=\"19\"><span style=\"font-family: arial, helvetica, sans-serif; font-size: 18px;\">Lead&nbsp;Time</span></td>\r\n<td style=\"color: #000000; font-size: 12pt; font-weight: 400; font-style: normal; text-decoration: none; vertical-align: middle; background: #fce4d6; height: 14.25pt; width: 465.667px; border: 0.5pt solid #000000;\" height=\"19\"><span style=\"font-family: arial, helvetica, sans-serif; font-size: 18px;\">25-30&nbsp;Days</span></td>\r\n</tr>\r\n</tbody>\r\n</table>\r\n<p>&nbsp;<img data-src=\"//sc02.alicdn.com/kf/HTB1G3Xil1SSBuNjy0Flq6zBpVXaQ/231050044/HTB1G3Xil1SSBuNjy0Flq6zBpVXaQ.jpg\" data-alt=\"China manufacturer mini capsule three folding umbrella with uv protection\" data-width=\"780\" data-height=\"780\" /><img src=\"//sc02.alicdn.com/kf/HTB1z.CSd1LM8KJjSZFqq6y7.FXa9/231050044/HTB1z.CSd1LM8KJjSZFqq6y7.FXa9.jpg\" alt=\"China manufacturer mini capsule three folding umbrella with uv protection\" usemap=\"#Map1\" border=\"0\" /><noscript><img src=\"\" alt=\"China manufacturer mini capsule three folding umbrella with uv protection\" width=\"780\" height=\"780\"></noscript><img data-src=\"//sc01.alicdn.com/kf/HTB1Kl4elVOWBuNjy0Fiq6xFxVXaT/231050044/HTB1Kl4elVOWBuNjy0Fiq6xFxVXaT.jpg\" data-alt=\"China manufacturer mini capsule three folding umbrella with uv protection\" data-width=\"780\" data-height=\"780\" /><img src=\"//sc02.alicdn.com/kf/HTB1G3Xil1SSBuNjy0Flq6zBpVXaQ/231050044/HTB1G3Xil1SSBuNjy0Flq6zBpVXaQ.jpg\" alt=\"China manufacturer mini capsule three folding umbrella with uv protection\" width=\"780\" height=\"780\" /><noscript><img src=\"\" alt=\"China manufacturer mini capsule three folding umbrella with uv protection\" width=\"780\" height=\"780\"></noscript><img data-src=\"//sc01.alicdn.com/kf/HTB1eEMWlHGYBuNjy0Foq6AiBFXaJ/231050044/HTB1eEMWlHGYBuNjy0Foq6AiBFXaJ.jpg\" data-alt=\"China manufacturer mini capsule three folding umbrella with uv protection\" data-width=\"780\" data-height=\"780\" /><img src=\"//sc01.alicdn.com/kf/HTB1Kl4elVOWBuNjy0Fiq6xFxVXaT/231050044/HTB1Kl4elVOWBuNjy0Fiq6xFxVXaT.jpg\" alt=\"China manufacturer mini capsule three folding umbrella with uv protection\" width=\"780\" height=\"780\" /><noscript><img src=\"\" alt=\"China manufacturer mini capsule three folding umbrella with uv protection\" width=\"780\" height=\"780\"></noscript><img data-src=\"//sc02.alicdn.com/kf/HTB1LDO_l_JYBeNjy1zeq6yhzVXaP/231050044/HTB1LDO_l_JYBeNjy1zeq6yhzVXaP.jpg\" data-alt=\"China manufacturer mini capsule three folding umbrella with uv protection\" data-width=\"780\" data-height=\"780\" /><img src=\"//sc01.alicdn.com/kf/HTB1eEMWlHGYBuNjy0Foq6AiBFXaJ/231050044/HTB1eEMWlHGYBuNjy0Foq6AiBFXaJ.jpg\" alt=\"China manufacturer mini capsule three folding umbrella with uv protection\" width=\"780\" height=\"780\" /><noscript><img src=\"\" alt=\"China manufacturer mini capsule three folding umbrella with uv protection\" width=\"780\" height=\"780\"></noscript><img data-src=\"//sc01.alicdn.com/kf/HTB1UxBFl25TBuNjSspmq6yDRVXaq/231050044/HTB1UxBFl25TBuNjSspmq6yDRVXaq.jpg\" data-alt=\"China manufacturer mini capsule three folding umbrella with uv protection\" data-width=\"780\" data-height=\"780\" /><img src=\"//sc02.alicdn.com/kf/HTB1LDO_l_JYBeNjy1zeq6yhzVXaP/231050044/HTB1LDO_l_JYBeNjy1zeq6yhzVXaP.jpg\" alt=\"China manufacturer mini capsule three folding umbrella with uv protection\" width=\"780\" height=\"780\" /><noscript><img src=\"\" alt=\"China manufacturer mini capsule three folding umbrella with uv protection\" width=\"780\" height=\"780\"></noscript><img data-src=\"//sc01.alicdn.com/kf/HTB11uXzl1uSBuNjSsziq6zq8pXaU/231050044/HTB11uXzl1uSBuNjSsziq6zq8pXaU.jpg\" data-alt=\"China manufacturer mini capsule three folding umbrella with uv protection\" data-width=\"780\" data-height=\"780\" /><img src=\"//sc01.alicdn.com/kf/HTB1UxBFl25TBuNjSspmq6yDRVXaq/231050044/HTB1UxBFl25TBuNjSspmq6yDRVXaq.jpg\" alt=\"China manufacturer mini capsule three folding umbrella with uv protection\" width=\"780\" height=\"780\" /><noscript><img src=\"\" alt=\"China manufacturer mini capsule three folding umbrella with uv protection\" width=\"780\" height=\"780\"></noscript><img data-src=\"//sc02.alicdn.com/kf/HTB1RgH2dyCYBuNkHFCcq6AHtVXac/231050044/HTB1RgH2dyCYBuNkHFCcq6AHtVXac.jpg\" data-alt=\"China manufacturer mini capsule three folding umbrella with uv protection\" data-width=\"780\" data-height=\"780\" /><img src=\"//sc01.alicdn.com/kf/HTB11uXzl1uSBuNjSsziq6zq8pXaU/231050044/HTB11uXzl1uSBuNjSsziq6zq8pXaU.jpg\" alt=\"China manufacturer mini capsule three folding umbrella with uv protection\" width=\"780\" height=\"780\" /><noscript><img src=\"\" alt=\"China manufacturer mini capsule three folding umbrella with uv protection\" width=\"780\" height=\"780\"></noscript><img data-src=\"//sc01.alicdn.com/kf/HTB1NslTlY9YBuNjy0Fgq6AxcXXaE/231050044/HTB1NslTlY9YBuNjy0Fgq6AxcXXaE.jpg\" data-alt=\"China manufacturer mini capsule three folding umbrella with uv protection\" data-width=\"780\" data-height=\"780\" /><img src=\"//sc02.alicdn.com/kf/HTB1RgH2dyCYBuNkHFCcq6AHtVXac/231050044/HTB1RgH2dyCYBuNkHFCcq6AHtVXac.jpg\" alt=\"China manufacturer mini capsule three folding umbrella with uv protection\" width=\"780\" height=\"780\" /><noscript><img src=\"\" alt=\"China manufacturer mini capsule three folding umbrella with uv protection\" width=\"780\" height=\"780\"></noscript><img data-src=\"//sc02.alicdn.com/kf/HTB1kvZOlMaTBuNjSszfq6xgfpXaQ/231050044/HTB1kvZOlMaTBuNjSszfq6xgfpXaQ.jpg\" data-alt=\"China manufacturer mini capsule three folding umbrella with uv protection\" data-width=\"780\" data-height=\"780\" /><img src=\"//sc01.alicdn.com/kf/HTB1NslTlY9YBuNjy0Fgq6AxcXXaE/231050044/HTB1NslTlY9YBuNjy0Fgq6AxcXXaE.jpg\" alt=\"China manufacturer mini capsule three folding umbrella with uv protection\" width=\"780\" height=\"780\" /><noscript><img src=\"\" alt=\"China manufacturer mini capsule three folding umbrella with uv protection\" width=\"780\" height=\"780\"></noscript></p>\r\n<p>&nbsp;</p>\r\n</div>\r\n</div>\r\n<div id=\"ali-anchor-AliPostDhMb-41cie\" style=\"padding-top: 8px;\" data-section=\"AliPostDhMb-41cie\" data-section-title=\"POE hot sale2\">\r\n<div id=\"ali-title-AliPostDhMb-41cie\" style=\"padding: 8px 0; border-bottom: 1px solid #ddd;\"><span style=\"background-color: #ddd; color: #333; font-weight: bold; padding: 8px 10px; line-height: 12px;\">POE hot sale2</span></div>\r\n<div style=\"padding: 10px 0;\">\r\n<p><img usemap=\"#Map\" border=\"0\" data-src=\"//sc02.alicdn.com/kf/HTB1WS_tXG5s3KVjSZFNq6AD3FXaK/231050044/HTB1WS_tXG5s3KVjSZFNq6AD3FXaK.jpg\" data-alt=\"China manufacturer mini capsule three folding umbrella with uv protection\" /><img src=\"//sc02.alicdn.com/kf/HTB1kvZOlMaTBuNjSszfq6xgfpXaQ/231050044/HTB1kvZOlMaTBuNjSszfq6xgfpXaQ.jpg\" alt=\"China manufacturer mini capsule three folding umbrella with uv protection\" width=\"780\" height=\"780\" /><noscript><img src=\"\" alt=\"China manufacturer mini capsule three folding umbrella with uv protection\" usemap=\"#Map\" border=\"0\" ori-width=\"780\" ori-height=\"571\"></noscript><map name=\"Map\"> \r\n<area coords=\"13,9,753,166\" shape=\"rect\" href=\"https://boweiumbrella.en.alibaba.com/contactinfo.html?spm=a2700.icbuShop.88.31.3ace19383Zy9TI\" target=\"_blank\" />\r\n \r\n<area coords=\"11,191,185,367\" shape=\"rect\" target=\"_blank\" />\r\n \r\n<area coords=\"200,188,378,367\" shape=\"rect\" href=\"https://www.alibaba.com/product-detail/Hot-Sale-janpanses-advertising-Clear-Plastic_60775759086.html?spm=a2747.manage.0.0.2c9371d2yHVXYJ\" target=\"_blank\" />\r\n \r\n<area coords=\"396,188,572,367\" shape=\"rect\" href=\"https://www.alibaba.com/product-detail/Quanzhou-janpanses-advertising-rain-Umbrellas-cheap_60774325600.html?spm=a2747.manage.0.0.2c9371d2yHVXYJ\" target=\"_blank\" />\r\n \r\n<area coords=\"594,188,767,366\" shape=\"rect\" href=\"https://www.alibaba.com/product-detail/2019-new-products-popular-23-inches_60781227905.html?spm=a2747.manage.0.0.2c9371d2yHVXYJ\" target=\"_blank\" />\r\n \r\n<area coords=\"10,383,180,561\" shape=\"rect\" href=\"https://www.alibaba.com/product-detail/2019-high-quality-clear-transparent-POE_60785491069.html?spm=a2747.manage.0.0.2c9371d2yHVXYJ\" target=\"_blank\" />\r\n \r\n<area coords=\"203,384,374,560\" shape=\"rect\" href=\"https://www.alibaba.com/product-detail/2019-new-style-promotional-windproof-clear_60781248768.html?spm=a2747.manage.0.0.2c9371d2yHVXYJ\" target=\"_blank\" />\r\n \r\n<area coords=\"398,384,571,559\" shape=\"rect\" href=\"https://www.alibaba.com/product-detail/Factory-Direct-Price-POE-Material-Sakura_60785293200.html?spm=a2747.manage.0.0.2c9371d2yHVXYJ\" target=\"_blank\" />\r\n \r\n<area coords=\"592,382,765,561\" shape=\"rect\" target=\"_blank\" />\r\n </map></p>\r\n</div>\r\n</div>\r\n<div id=\"ali-anchor-AliPostDhMb-u44aq\" style=\"padding-top: 8px;\" data-section=\"AliPostDhMb-u44aq\" data-section-title=\"Hot sale\">\r\n<div id=\"ali-title-AliPostDhMb-u44aq\" style=\"padding: 8px 0; border-bottom: 1px solid #ddd;\"><span style=\"background-color: #ddd; color: #333; font-weight: bold; padding: 8px 10px; line-height: 12px;\">Hot sale</span></div>\r\n<div style=\"padding: 10px 0;\">\r\n<p><em><strong><span style=\"font-size: 16px;\">Please click the picture/link below:</span></strong></em></p>\r\n<p>&nbsp;</p>\r\n<p><span style=\"font-size: 18px;\">https://www.alibaba.com/product-detail/2018-high-quality-outdoor-uv-protection_60731203598.html?spm=a271v.8028081.0.0.f7a23e5fm5o36c</span></p>\r\n<p>&nbsp;</p>\r\n<p><a title=\"2018 high quality outdoor uv protection 3 fold blue printing sky umbrella\" href=\"https://www.alibaba.com/product-detail/2018-high-quality-outdoor-uv-protection_60731203598.html?spm=a271v.8028081.0.0.f7a23e5fm5o36c\" target=\"_blank\" rel=\"noopener\"><img data-src=\"//sc01.alicdn.com/kf/HTB1yZN6nBDH8KJjSspnq6zNAVXaT/231050044/HTB1yZN6nBDH8KJjSspnq6zNAVXaT.jpg\" data-alt=\"China manufacturer mini capsule three folding umbrella with uv protection\" data-width=\"780\" data-height=\"780\" /><img src=\"//sc02.alicdn.com/kf/HTB1WS_tXG5s3KVjSZFNq6AD3FXaK/231050044/HTB1WS_tXG5s3KVjSZFNq6AD3FXaK.jpg\" alt=\"China manufacturer mini capsule three folding umbrella with uv protection\" usemap=\"#Map\" border=\"0\" /><noscript><img src=\"\" alt=\"China manufacturer mini capsule three folding umbrella with uv protection\" width=\"780\" height=\"780\"></noscript></a></p>\r\n</div>\r\n</div>\r\n<div id=\"ali-anchor-AliPostDhMb-p06kn\" style=\"padding-top: 8px;\" data-section=\"AliPostDhMb-p06kn\" data-section-title=\"You may also like\">\r\n<div id=\"ali-title-AliPostDhMb-p06kn\" style=\"padding: 8px 0; border-bottom: 1px solid #ddd;\"><span style=\"background-color: #ddd; color: #333; font-weight: bold; padding: 8px 10px; line-height: 12px;\">You may also like</span></div>\r\n<div style=\"padding: 10px 0;\">\r\n<p><img usemap=\"#Map6\" border=\"0\" data-src=\"//sc02.alicdn.com/kf/HTB1Uf5wd_fN8KJjSZFjq6xGvpXah/231050044/HTB1Uf5wd_fN8KJjSZFjq6xGvpXah.jpg\" data-alt=\"China manufacturer mini capsule three folding umbrella with uv protection\" /><img src=\"//sc01.alicdn.com/kf/HTB1yZN6nBDH8KJjSspnq6zNAVXaT/231050044/HTB1yZN6nBDH8KJjSspnq6zNAVXaT.jpg\" alt=\"China manufacturer mini capsule three folding umbrella with uv protection\" width=\"780\" height=\"780\" /><noscript><img src=\"\" alt=\"China manufacturer mini capsule three folding umbrella with uv protection\" usemap=\"#Map6\" border=\"0\" ori-width=\"780\" ori-height=\"971\"></noscript><map name=\"Map6\"> \r\n<area coords=\"7,-8,781,232\" shape=\"rect\" href=\"https://boweiumbrella.en.alibaba.com/productgrouplist-806058067/folding_umbrella.html?spm=a2700.icbuShop.prup15aafb.4.788c86bfFLqRTX\" target=\"_blank\" />\r\n \r\n<area coords=\"5,248,776,488\" shape=\"rect\" href=\"https://boweiumbrella.en.alibaba.com/productgrouplist-806158465/golf_umbrella.html?spm=a2700.icbuShop.prup15aafb.3.462dffc3mZpx12\" target=\"_blank\" />\r\n \r\n<area coords=\"7,490,776,736\" shape=\"rect\" href=\"https://boweiumbrella.en.alibaba.com/productgrouplist-806156889/poe_children_umbrella.html?spm=a2700.icbuShop.prup15aafb.2.2488c03eEsnPcb\" target=\"_blank\" />\r\n \r\n<area coords=\"5,740,776,965\" shape=\"rect\" href=\"https://boweiumbrella.en.alibaba.com/productgrouplist-805976540/poe_straight_umbrella.html?spm=a2700.icbuShop.prup15aafb.1.712fc18by4s8YF\" target=\"_blank\" />\r\n </map> <map name=\"Map2\"> \r\n<area coords=\"4,2,776,966\" shape=\"rect\" />\r\n </map></p>\r\n</div>\r\n</div>\r\n<div id=\"ali-anchor-AliPostDhMb-lk3tv\" style=\"padding-top: 8px;\" data-section=\"AliPostDhMb-lk3tv\" data-section-title=\"Contact us\">\r\n<div id=\"ali-title-AliPostDhMb-lk3tv\" style=\"padding: 8px 0; border-bottom: 1px solid #ddd;\"><span style=\"background-color: #ddd; color: #333; font-weight: bold; padding: 8px 10px; line-height: 12px;\">Contact us</span></div>\r\n<div style=\"padding: 10px 0;\">\r\n<p><a href=\"https://boweiumbrella.en.alibaba.com/?spm=a2700.7756200.mamo-user-profile.4.38fd71d2xzO2Ty\" target=\"_blank\" rel=\"noopener\"><img data-src=\"//sc01.alicdn.com/kf/HTB1tDQGmnCWBKNjSZFtq6yC3FXa8/231050044/HTB1tDQGmnCWBKNjSZFtq6yC3FXa8.jpg\" data-alt=\"China manufacturer mini capsule three folding umbrella with uv protection\" /><img src=\"//sc02.alicdn.com/kf/HTB1Uf5wd_fN8KJjSZFjq6xGvpXah/231050044/HTB1Uf5wd_fN8KJjSZFjq6xGvpXah.jpg\" alt=\"China manufacturer mini capsule three folding umbrella with uv protection\" usemap=\"#Map6\" border=\"0\" /><noscript><img src=\"\" alt=\"China manufacturer mini capsule three folding umbrella with uv protection\" ori-width=\"780\" ori-height=\"265\"></noscript>&nbsp;</a></p>\r\n</div>\r\n</div>\r\n<div id=\"ali-anchor-AliPostDhMb-4yy57\" style=\"padding-top: 8px;\" data-section=\"AliPostDhMb-4yy57\" data-section-title=\"Factory view\">\r\n<div style=\"padding: 10px 0;\">\r\n<p><br /><br /></p>\r\n</div>\r\n</div>\r\n</div>\r\n<!-- tangram:4450 begin--> <!-- ICBU detail loader --> <!-- tangram:4448 begin--> <!-- tangram:4448 end--><!-- tangram:4450 end--></div>', '10', NULL, 150, 198, 0, 'rain,capsul', 2, NULL, NULL, NULL, NULL, NULL, NULL, '2019-07-28 17:52:16', '2019-07-28 11:52:16');
INSERT INTO `products` (`id`, `web_url`, `name`, `brand`, `category_id`, `primary_image`, `other_images`, `description`, `minimum_orders`, `unit`, `start_price`, `end_price`, `is_featured`, `tags`, `views`, `text_one_title`, `text_one_text`, `text_two_title`, `text_two_text`, `text_three_title`, `text_three_text`, `created_at`, `updated_at`) VALUES
(18, 'https://www.alibaba.com/product-detail/Original-Xiaomi-Redmi-AirDots-in-Stock_62116795838.html?spm=a2700.galleryofferlist.normalList.31.201a122clUH0H5', 'Original Xiaomi Redmi AirDots in Stock Chinese Version for android and ios portable', NULL, 14, '//sc02.alicdn.com/kf/HLB1rUAwVCrqK1RjSZK9q6xyypXaV/Original-Xiaomi-Redmi-AirDots-in-Stock-Chinese.jpg', '[\"\\/\\/sc02.alicdn.com\\/kf\\/HLB1rUAwVCrqK1RjSZK9q6xyypXaV\\/Original-Xiaomi-Redmi-AirDots-in-Stock-Chinese.jpg_350x350.jpg\",\"\\/\\/sc02.alicdn.com\\/kf\\/HLB1RVIHVAvoK1RjSZFDq6xY3pXaU\\/Original-Xiaomi-Redmi-AirDots-in-Stock-Chinese.jpg_350x350.jpg\",\"\\/\\/sc01.alicdn.com\\/kf\\/HLB1m9gFVxTpK1RjSZFMq6zG_VXaR\\/Original-Xiaomi-Redmi-AirDots-in-Stock-Chinese.jpg_350x350.jpg\",\"\\/\\/sc01.alicdn.com\\/kf\\/HLB1YC3FVyrpK1RjSZFhq6xSdXXag\\/Original-Xiaomi-Redmi-AirDots-in-Stock-Chinese.jpg_350x350.jpg\"]', '<div class=\"scc-wrapper detail-module module-productSpecification\" data-spm=\"pronpeci14\"><!--false | 62116795838 | -->\r\n<div id=\"J-rich-text-description\" class=\"richtext richtext-detail rich-text-description\">\r\n<p><span style=\"font-size: 18px;\"><strong>Original Xiaomi Redmi AirDots in Stock Chinese Version&nbsp;</strong></span></p>\r\n<p>&nbsp;</p>\r\n<div id=\"ali-anchor-AliPostDhMb-bbuqb\" style=\"padding-top: 8px;\" data-section=\"AliPostDhMb-bbuqb\" data-section-title=\"Product Description\">\r\n<div id=\"ali-title-AliPostDhMb-bbuqb\" style=\"padding: 8px 0; border-bottom: 1px solid #ddd;\"><span style=\"background-color: #ddd; color: #333; font-weight: bold; padding: 8px 10px; line-height: 12px;\">Product Description</span></div>\r\n<div style=\"padding: 10px 0;\">\r\n<p>&nbsp;</p>\r\n<table style=\"box-sizing: content-box; margin: 0px; padding: 0px; font-style: normal; font-weight: 400; font-size: 12px; line-height: inherit; font-family: Arial, Helvetica; border-collapse: collapse; width: 750px; color: #333333; background-color: #ffffff; height: 280px;\">\r\n<tbody>\r\n<tr style=\"box-sizing: content-box; margin: 0px; padding: 0px; font-style: inherit; font-weight: inherit; font-size: 12px; line-height: inherit;\">\r\n<td style=\"box-sizing: content-box; margin: 0px; padding: 0px; font-style: inherit; font-weight: 400; font-size: 12px; line-height: inherit; float: none; border: 1px solid #cccccc; overflow: hidden; height: 20px; vertical-align: top; background-color: #f3f4f8; width: 295px;\" colspan=\"1\" rowspan=\"1\">\r\n<div style=\"box-sizing: content-box; margin: 0px; padding: 5px 10px; border: 0px; vertical-align: baseline; min-height: 18px; overflow: hidden; width: 275px;\"><span style=\"font-family: arial, helvetica, sans-serif; font-size: 12px;\">Product name:</span></div>\r\n</td>\r\n<td style=\"box-sizing: content-box; margin: 0px; padding: 0px; font-style: inherit; font-weight: 400; font-size: 12px; line-height: inherit; float: none; border: 1px solid #cccccc; overflow: hidden; height: 20px; vertical-align: top; width: 558px;\" colspan=\"1\" rowspan=\"1\">\r\n<div style=\"box-sizing: content-box; margin: 0px; padding: 5px 10px; border: 0px; vertical-align: baseline; min-height: 18px; overflow: hidden; width: 538px;\"><span style=\"font-family: arial, helvetica, sans-serif; font-size: 12px;\">Redmi AirDots True Wireless Bluetooth Headset</span></div>\r\n</td>\r\n</tr>\r\n<tr style=\"box-sizing: content-box; margin: 0px; padding: 0px; font-style: inherit; font-weight: inherit; font-size: 12px; line-height: inherit;\">\r\n<td style=\"box-sizing: content-box; margin: 0px; padding: 0px; font-style: inherit; font-weight: 400; font-size: 12px; line-height: inherit; float: none; border: 1px solid #cccccc; overflow: hidden; height: 20px; vertical-align: top; background-color: #f3f4f8; width: 295px;\" colspan=\"1\" rowspan=\"1\">\r\n<div style=\"box-sizing: content-box; margin: 0px; padding: 5px 10px; border: 0px; vertical-align: baseline; min-height: 18px; overflow: hidden; width: 275px;\"><span style=\"font-family: arial, helvetica, sans-serif; font-size: 12px;\">Color:</span></div>\r\n</td>\r\n<td style=\"box-sizing: content-box; margin: 0px; padding: 0px; font-style: inherit; font-weight: 400; font-size: 12px; line-height: inherit; float: none; border: 1px solid #cccccc; overflow: hidden; height: 20px; vertical-align: top; width: 558px;\" colspan=\"1\" rowspan=\"1\">\r\n<div style=\"box-sizing: content-box; margin: 0px; padding: 5px 10px; border: 0px; vertical-align: baseline; min-height: 18px; overflow: hidden; width: 538px;\"><span style=\"font-family: arial, helvetica, sans-serif; font-size: 12px;\">Black</span></div>\r\n</td>\r\n</tr>\r\n<tr style=\"box-sizing: content-box; margin: 0px; padding: 0px; font-style: inherit; font-weight: inherit; font-size: 12px; line-height: inherit;\">\r\n<td style=\"box-sizing: content-box; margin: 0px; padding: 0px; font-style: inherit; font-weight: 400; font-size: 12px; line-height: inherit; float: none; border: 1px solid #cccccc; overflow: hidden; height: 20px; vertical-align: top; background-color: #f3f4f8; width: 295px;\" colspan=\"1\" rowspan=\"1\">\r\n<div style=\"box-sizing: content-box; margin: 0px; padding: 5px 10px; border: 0px; vertical-align: baseline; min-height: 18px; overflow: hidden; width: 275px;\"><span style=\"font-family: arial, helvetica, sans-serif; font-size: 12px;\">Wireless connection Bluetooth</span></div>\r\n</td>\r\n<td style=\"box-sizing: content-box; margin: 0px; padding: 0px; font-style: inherit; font-weight: 400; font-size: 12px; line-height: inherit; float: none; border: 1px solid #cccccc; overflow: hidden; height: 20px; vertical-align: top; width: 558px;\" colspan=\"1\" rowspan=\"1\">\r\n<div style=\"box-sizing: content-box; margin: 0px; padding: 5px 10px; border: 0px; vertical-align: baseline; min-height: 18px; overflow: hidden; width: 538px;\"><span style=\"font-family: arial, helvetica, sans-serif; font-size: 12px;\">5.0</span></div>\r\n</td>\r\n</tr>\r\n<tr style=\"box-sizing: content-box; margin: 0px; padding: 0px; font-style: inherit; font-weight: inherit; font-size: 12px; line-height: inherit;\">\r\n<td style=\"box-sizing: content-box; margin: 0px; padding: 0px; font-style: inherit; font-weight: 400; font-size: 12px; line-height: inherit; float: none; border: 1px solid #cccccc; overflow: hidden; height: 20px; vertical-align: top; background-color: #f3f4f8; width: 295px;\" colspan=\"1\" rowspan=\"1\">\r\n<div style=\"box-sizing: content-box; margin: 0px; padding: 5px 10px; border: 0px; vertical-align: baseline; min-height: 18px; overflow: hidden; width: 275px;\"><span style=\"font-family: arial, helvetica, sans-serif; font-size: 12px;\">Bluetooth protocol</span></div>\r\n</td>\r\n<td style=\"box-sizing: content-box; margin: 0px; padding: 0px; font-style: inherit; font-weight: 400; font-size: 12px; line-height: inherit; float: none; border: 1px solid #cccccc; overflow: hidden; height: 20px; vertical-align: top; width: 558px;\" colspan=\"1\" rowspan=\"1\">\r\n<div style=\"box-sizing: content-box; margin: 0px; padding: 5px 10px; border: 0px; vertical-align: baseline; min-height: 18px; overflow: hidden; width: 538px;\"><span style=\"font-family: arial, helvetica, sans-serif; font-size: 12px;\">HFP/A2DP/ HSP/AVRCP</span></div>\r\n</td>\r\n</tr>\r\n<tr style=\"box-sizing: content-box; margin: 0px; padding: 0px; font-style: inherit; font-weight: inherit; font-size: 12px; line-height: inherit;\">\r\n<td style=\"box-sizing: content-box; margin: 0px; padding: 0px; font-style: inherit; font-weight: 400; font-size: 12px; line-height: inherit; float: none; border: 1px solid #cccccc; overflow: hidden; height: 20px; vertical-align: top; background-color: #f3f4f8; width: 295px;\" colspan=\"1\" rowspan=\"1\">\r\n<div style=\"box-sizing: content-box; margin: 0px; padding: 5px 10px; border: 0px; vertical-align: baseline; min-height: 18px; overflow: hidden; width: 275px;\"><span style=\"font-family: arial, helvetica, sans-serif; font-size: 12px;\">Communication distance</span></div>\r\n</td>\r\n<td style=\"box-sizing: content-box; margin: 0px; padding: 0px; font-style: inherit; font-weight: 400; font-size: 12px; line-height: inherit; float: none; border: 1px solid #cccccc; overflow: hidden; height: 20px; vertical-align: top; width: 558px;\" colspan=\"1\" rowspan=\"1\">\r\n<div style=\"box-sizing: content-box; margin: 0px; padding: 5px 10px; border: 0px; vertical-align: baseline; min-height: 18px; overflow: hidden; width: 538px;\"><span style=\"font-family: arial, helvetica, sans-serif; font-size: 12px;\">10 meters (accessible environment)</span></div>\r\n</td>\r\n</tr>\r\n<tr style=\"box-sizing: content-box; margin: 0px; padding: 0px; font-style: inherit; font-weight: inherit; font-size: 12px; line-height: inherit;\">\r\n<td style=\"box-sizing: content-box; margin: 0px; padding: 0px; font-style: inherit; font-weight: 400; font-size: 12px; line-height: inherit; float: none; border: 1px solid #cccccc; overflow: hidden; height: 20px; vertical-align: top; background-color: #f3f4f8; width: 295px;\" colspan=\"1\" rowspan=\"1\">\r\n<div style=\"box-sizing: content-box; margin: 0px; padding: 5px 10px; border: 0px; vertical-align: baseline; min-height: 18px; overflow: hidden; width: 275px;\"><span style=\"font-family: arial, helvetica, sans-serif; font-size: 12px;\">Headphone standby time</span></div>\r\n</td>\r\n<td style=\"box-sizing: content-box; margin: 0px; padding: 0px; font-style: inherit; font-weight: 400; font-size: 12px; line-height: inherit; float: none; border: 1px solid #cccccc; overflow: hidden; height: 20px; vertical-align: top; width: 558px;\" colspan=\"1\" rowspan=\"1\">\r\n<div style=\"box-sizing: content-box; margin: 0px; padding: 5px 10px; border: 0px; vertical-align: baseline; min-height: 18px; overflow: hidden; width: 538px;\"><span style=\"font-family: arial, helvetica, sans-serif; font-size: 12px;\">about 150 hours</span>\r\n<div style=\"box-sizing: content-box; margin: 0px; padding: 0px; border: 0px; vertical-align: baseline;\"><span style=\"font-family: arial, helvetica, sans-serif; font-size: 12px;\">Dual headphones continuously listen to songs for about 4 hours<br /></span></div>\r\n</div>\r\n</td>\r\n</tr>\r\n<tr style=\"box-sizing: content-box; margin: 0px; padding: 0px; font-style: inherit; font-weight: inherit; font-size: 12px; line-height: inherit;\">\r\n<td style=\"box-sizing: content-box; margin: 0px; padding: 0px; font-style: inherit; font-weight: 400; font-size: 12px; line-height: inherit; float: none; border: 1px solid #cccccc; overflow: hidden; height: 20px; vertical-align: top; background-color: #f3f4f8; width: 295px;\" colspan=\"1\" rowspan=\"1\">\r\n<div style=\"box-sizing: content-box; margin: 0px; padding: 5px 10px; border: 0px; vertical-align: baseline; min-height: 18px; overflow: hidden; width: 275px;\"><span style=\"font-family: arial, helvetica, sans-serif; font-size: 12px;\">Single earphone battery capacity</span></div>\r\n</td>\r\n<td style=\"box-sizing: content-box; margin: 0px; padding: 0px; font-style: inherit; font-weight: 400; font-size: 12px; line-height: inherit; float: none; border: 1px solid #cccccc; overflow: hidden; height: 20px; vertical-align: top; width: 558px;\" colspan=\"1\" rowspan=\"1\">\r\n<div style=\"box-sizing: content-box; margin: 0px; padding: 5px 10px; border: 0px; vertical-align: baseline; min-height: 18px; overflow: hidden; width: 538px;\"><span style=\"font-family: arial, helvetica, sans-serif; font-size: 12px;\">40mAh</span></div>\r\n</td>\r\n</tr>\r\n<tr style=\"box-sizing: content-box; margin: 0px; padding: 0px; font-style: inherit; font-weight: inherit; font-size: 12px; line-height: inherit;\">\r\n<td style=\"box-sizing: content-box; margin: 0px; padding: 0px; font-style: inherit; font-weight: 400; font-size: 12px; line-height: inherit; float: none; border: 1px solid #cccccc; overflow: hidden; height: 20px; vertical-align: top; background-color: #f3f4f8; width: 295px;\" colspan=\"1\" rowspan=\"1\">\r\n<div style=\"box-sizing: content-box; margin: 0px; padding: 5px 10px; border: 0px; vertical-align: baseline; min-height: 18px; overflow: hidden; width: 275px;\"><span style=\"font-family: arial, helvetica, sans-serif; font-size: 12px;\">Charging box battery capacity</span></div>\r\n</td>\r\n<td style=\"box-sizing: content-box; margin: 0px; padding: 0px; font-style: inherit; font-weight: 400; font-size: 12px; line-height: inherit; float: none; border: 1px solid #cccccc; overflow: hidden; height: 20px; vertical-align: top; width: 558px;\" colspan=\"1\" rowspan=\"1\">\r\n<div style=\"box-sizing: content-box; margin: 0px; padding: 5px 10px; border: 0px; vertical-align: baseline; min-height: 18px; overflow: hidden; width: 538px;\"><span style=\"font-family: arial, helvetica, sans-serif; font-size: 12px;\">300mAh</span></div>\r\n</td>\r\n</tr>\r\n<tr style=\"box-sizing: content-box; margin: 0px; padding: 0px; font-style: inherit; font-weight: inherit; font-size: 12px; line-height: inherit;\">\r\n<td style=\"box-sizing: content-box; margin: 0px; padding: 0px; font-style: inherit; font-weight: 400; font-size: 12px; line-height: inherit; float: none; border: 1px solid #cccccc; overflow: hidden; height: 20px; vertical-align: top; background-color: #f3f4f8; width: 295px;\" colspan=\"1\" rowspan=\"1\">\r\n<div style=\"box-sizing: content-box; margin: 0px; padding: 5px 10px; border: 0px; vertical-align: baseline; min-height: 18px; overflow: hidden; width: 275px;\"><span style=\"font-family: arial, helvetica, sans-serif; font-size: 12px;\">Headphone charging time</span></div>\r\n</td>\r\n<td style=\"box-sizing: content-box; margin: 0px; padding: 0px; font-style: inherit; font-weight: 400; font-size: 12px; line-height: inherit; float: none; border: 1px solid #cccccc; overflow: hidden; height: 20px; vertical-align: top; width: 558px;\" colspan=\"1\" rowspan=\"1\">\r\n<div style=\"box-sizing: content-box; margin: 0px; padding: 5px 10px; border: 0px; vertical-align: baseline; min-height: 18px; overflow: hidden; width: 538px;\"><span style=\"font-family: arial, helvetica, sans-serif; font-size: 12px;\">about 1.5 hours</span></div>\r\n</td>\r\n</tr>\r\n<tr style=\"box-sizing: content-box; margin: 0px; padding: 0px; font-style: inherit; font-weight: inherit; font-size: 12px; line-height: inherit;\">\r\n<td style=\"box-sizing: content-box; margin: 0px; padding: 0px; font-style: inherit; font-weight: 400; font-size: 12px; line-height: inherit; float: none; border: 1px solid #cccccc; overflow: hidden; height: 20px; vertical-align: top; background-color: #f3f4f8; width: 295px;\" colspan=\"1\" rowspan=\"1\">\r\n<div style=\"box-sizing: content-box; margin: 0px; padding: 5px 10px; border: 0px; vertical-align: baseline; min-height: 18px; overflow: hidden; width: 275px;\"><span style=\"font-family: arial, helvetica, sans-serif; font-size: 12px;\">Charging box charging time</span></div>\r\n</td>\r\n<td style=\"box-sizing: content-box; margin: 0px; padding: 0px; font-style: inherit; font-weight: 400; font-size: 12px; line-height: inherit; float: none; border: 1px solid #cccccc; overflow: hidden; height: 20px; vertical-align: top; width: 558px;\" colspan=\"1\" rowspan=\"1\">\r\n<div style=\"box-sizing: content-box; margin: 0px; padding: 5px 10px; border: 0px; vertical-align: baseline; min-height: 18px; overflow: hidden; width: 538px;\"><span style=\"font-family: arial, helvetica, sans-serif; font-size: 12px;\">about 2 hours</span></div>\r\n</td>\r\n</tr>\r\n<tr style=\"box-sizing: content-box; margin: 0px; padding: 0px; font-style: inherit; font-weight: inherit; font-size: 12px; line-height: inherit;\">\r\n<td style=\"box-sizing: content-box; margin: 0px; padding: 0px; font-style: inherit; font-weight: 400; font-size: 12px; line-height: inherit; float: none; border: 1px solid #cccccc; overflow: hidden; height: 20px; vertical-align: top; background-color: #f3f4f8; width: 295px;\" colspan=\"1\" rowspan=\"1\">\r\n<div style=\"box-sizing: content-box; margin: 0px; padding: 5px 10px; border: 0px; vertical-align: baseline; min-height: 18px; width: 275px;\"><span style=\"font-family: arial, helvetica, sans-serif; font-size: 12px;\">Single earphone net weight</span></div>\r\n</td>\r\n<td style=\"box-sizing: content-box; margin: 0px; padding: 0px; font-style: inherit; font-weight: 400; font-size: 12px; line-height: inherit; float: none; border: 1px solid #cccccc; overflow: hidden; height: 20px; vertical-align: top; width: 558px;\" colspan=\"1\" rowspan=\"1\">\r\n<div style=\"box-sizing: content-box; margin: 0px; padding: 5px 10px; border: 0px; vertical-align: baseline; min-height: 18px; width: 538px;\"><span style=\"font-family: arial, helvetica, sans-serif; font-size: 12px;\">about 4.1g</span></div>\r\n</td>\r\n</tr>\r\n<tr style=\"box-sizing: content-box; margin: 0px; padding: 0px; font-style: inherit; font-weight: inherit; font-size: 12px; line-height: inherit;\">\r\n<td style=\"box-sizing: content-box; margin: 0px; padding: 0px; font-style: inherit; font-weight: 400; font-size: 12px; line-height: inherit; float: none; border: 1px solid #cccccc; overflow: hidden; height: 20px; vertical-align: top; background-color: #f3f4f8; width: 295px;\" colspan=\"1\" rowspan=\"1\">\r\n<div style=\"box-sizing: content-box; margin: 0px; padding: 5px 10px; border: 0px; vertical-align: baseline; min-height: 18px; width: 275px;\"><span style=\"font-family: arial, helvetica, sans-serif; font-size: 12px;\">Total net weight with charging box</span></div>\r\n</td>\r\n<td style=\"box-sizing: content-box; margin: 0px; padding: 0px; font-style: inherit; font-weight: 400; font-size: 12px; line-height: inherit; float: none; border: 1px solid #cccccc; overflow: hidden; height: 20px; vertical-align: top; width: 558px;\" colspan=\"1\" rowspan=\"1\">\r\n<div style=\"box-sizing: content-box; margin: 0px; padding: 5px 10px; border: 0px; vertical-align: baseline; min-height: 18px; width: 538px;\"><span style=\"font-family: arial, helvetica, sans-serif; font-size: 12px;\">approx. 35.4g</span></div>\r\n</td>\r\n</tr>\r\n<tr style=\"box-sizing: content-box; margin: 0px; padding: 0px; font-style: inherit; font-weight: inherit; font-size: 12px; line-height: inherit;\">\r\n<td style=\"box-sizing: content-box; margin: 0px; padding: 0px; font-style: inherit; font-weight: 400; font-size: 12px; line-height: inherit; float: none; border: 1px solid #cccccc; overflow: hidden; height: 20px; vertical-align: top; background-color: #f3f4f8; width: 295px;\" colspan=\"1\" rowspan=\"1\">\r\n<div style=\"box-sizing: content-box; margin: 0px; padding: 5px 10px; border: 0px; vertical-align: baseline; min-height: 18px; width: 275px;\"><span style=\"font-family: arial, helvetica, sans-serif; font-size: 12px;\">Charging box size</span></div>\r\n</td>\r\n<td style=\"box-sizing: content-box; margin: 0px; padding: 0px; font-style: inherit; font-weight: 400; font-size: 12px; line-height: inherit; float: none; border: 1px solid #cccccc; overflow: hidden; height: 20px; vertical-align: top; width: 558px;\" colspan=\"1\" rowspan=\"1\">\r\n<div style=\"box-sizing: content-box; margin: 0px; padding: 5px 10px; border: 0px; vertical-align: baseline; min-height: 18px; width: 538px;\"><span style=\"font-family: arial, helvetica, sans-serif; font-size: 12px;\">62 &times; 40 &times; 27.2mm</span></div>\r\n</td>\r\n</tr>\r\n<tr style=\"box-sizing: content-box; margin: 0px; padding: 0px; font-style: inherit; font-weight: inherit; font-size: 12px; line-height: inherit;\">\r\n<td style=\"box-sizing: content-box; margin: 0px; padding: 0px; font-style: inherit; font-weight: 400; font-size: 12px; line-height: inherit; float: none; border: 1px solid #cccccc; overflow: hidden; height: 20px; vertical-align: top; background-color: #f3f4f8; width: 295px;\" colspan=\"1\" rowspan=\"1\">\r\n<div style=\"box-sizing: content-box; margin: 0px; padding: 5px 10px; border: 0px; vertical-align: baseline; min-height: 18px; width: 275px;\"><span style=\"font-family: arial, helvetica, sans-serif; font-size: 12px;\">Headphone size</span></div>\r\n</td>\r\n<td style=\"box-sizing: content-box; margin: 0px; padding: 0px; font-style: inherit; font-weight: 400; font-size: 12px; line-height: inherit; float: none; border: 1px solid #cccccc; overflow: hidden; height: 20px; vertical-align: top; width: 558px;\" colspan=\"1\" rowspan=\"1\">\r\n<div style=\"box-sizing: content-box; margin: 0px; padding: 5px 10px; border: 0px; vertical-align: baseline; min-height: 18px; width: 538px;\"><span style=\"font-family: arial, helvetica, sans-serif; font-size: 12px;\">26.65 &times; 16.4 &times; 21.6mm</span></div>\r\n</td>\r\n</tr>\r\n</tbody>\r\n</table>\r\n<p>&nbsp;</p>\r\n<p>&nbsp;<img data-src=\"//sc01.alicdn.com/kf/HTB1l7gsVyrpK1RjSZFhq6xSdXXaS/238453868/HTB1l7gsVyrpK1RjSZFhq6xSdXXaS.jpg\" data-alt=\"Original Xiaomi Redmi AirDots in Stock Chinese Version\" /><noscript><img src=\"\" alt=\"Original Xiaomi Redmi AirDots in Stock Chinese Version\" ori-width=\"870\" ori-height=\"460\"></noscript><img data-src=\"//sc01.alicdn.com/kf/HTB1fAgsVyrpK1RjSZFhq6xSdXXa4/238453868/HTB1fAgsVyrpK1RjSZFhq6xSdXXa4.jpg\" data-alt=\"Original Xiaomi Redmi AirDots in Stock Chinese Version\" /><img src=\"//sc01.alicdn.com/kf/HTB1l7gsVyrpK1RjSZFhq6xSdXXaS/238453868/HTB1l7gsVyrpK1RjSZFhq6xSdXXaS.jpg\" alt=\"Original Xiaomi Redmi AirDots in Stock Chinese Version\" /><noscript><img src=\"\" alt=\"Original Xiaomi Redmi AirDots in Stock Chinese Version\" ori-width=\"870\" ori-height=\"460\"></noscript><img data-src=\"//sc01.alicdn.com/kf/HTB1jZEqVr2pK1RjSZFsq6yNlXXa3/238453868/HTB1jZEqVr2pK1RjSZFsq6yNlXXa3.jpg\" data-alt=\"Original Xiaomi Redmi AirDots in Stock Chinese Version\" /><img src=\"//sc01.alicdn.com/kf/HTB1fAgsVyrpK1RjSZFhq6xSdXXa4/238453868/HTB1fAgsVyrpK1RjSZFhq6xSdXXa4.jpg\" alt=\"Original Xiaomi Redmi AirDots in Stock Chinese Version\" /><noscript><img src=\"\" alt=\"Original Xiaomi Redmi AirDots in Stock Chinese Version\" ori-width=\"870\" ori-height=\"460\"></noscript><img data-src=\"//sc02.alicdn.com/kf/HTB1X4UuVpzqK1RjSZFoq6zfcXXaN/238453868/HTB1X4UuVpzqK1RjSZFoq6zfcXXaN.jpg\" data-alt=\"Original Xiaomi Redmi AirDots in Stock Chinese Version\" /><img src=\"//sc01.alicdn.com/kf/HTB1jZEqVr2pK1RjSZFsq6yNlXXa3/238453868/HTB1jZEqVr2pK1RjSZFsq6yNlXXa3.jpg\" alt=\"Original Xiaomi Redmi AirDots in Stock Chinese Version\" /><noscript><img src=\"\" alt=\"Original Xiaomi Redmi AirDots in Stock Chinese Version\" ori-width=\"870\" ori-height=\"460\"></noscript><img data-src=\"//sc01.alicdn.com/kf/HTB1V2.yVwHqK1RjSZJnq6zNLpXae/238453868/HTB1V2.yVwHqK1RjSZJnq6zNLpXae.jpg\" data-alt=\"Original Xiaomi Redmi AirDots in Stock Chinese Version\" /><img src=\"//sc02.alicdn.com/kf/HTB1X4UuVpzqK1RjSZFoq6zfcXXaN/238453868/HTB1X4UuVpzqK1RjSZFoq6zfcXXaN.jpg\" alt=\"Original Xiaomi Redmi AirDots in Stock Chinese Version\" /><noscript><img src=\"\" alt=\"Original Xiaomi Redmi AirDots in Stock Chinese Version\" ori-width=\"870\" ori-height=\"460\"></noscript><img data-src=\"//sc01.alicdn.com/kf/HTB1xy3rVCzqK1RjSZFjq6zlCFXab/238453868/HTB1xy3rVCzqK1RjSZFjq6zlCFXab.jpg\" data-alt=\"Original Xiaomi Redmi AirDots in Stock Chinese Version\" /><img src=\"//sc01.alicdn.com/kf/HTB1V2.yVwHqK1RjSZJnq6zNLpXae/238453868/HTB1V2.yVwHqK1RjSZJnq6zNLpXae.jpg\" alt=\"Original Xiaomi Redmi AirDots in Stock Chinese Version\" /><noscript><img src=\"\" alt=\"Original Xiaomi Redmi AirDots in Stock Chinese Version\" ori-width=\"870\" ori-height=\"460\"></noscript><img data-src=\"//sc01.alicdn.com/kf/HTB1AqZHVxYaK1RjSZFnq6y80pXa1/238453868/HTB1AqZHVxYaK1RjSZFnq6y80pXa1.jpg\" data-alt=\"Original Xiaomi Redmi AirDots in Stock Chinese Version\" /><img src=\"//sc01.alicdn.com/kf/HTB1xy3rVCzqK1RjSZFjq6zlCFXab/238453868/HTB1xy3rVCzqK1RjSZFjq6zlCFXab.jpg\" alt=\"Original Xiaomi Redmi AirDots in Stock Chinese Version\" width=\"963\" height=\"509\" /><noscript><img src=\"\" alt=\"Original Xiaomi Redmi AirDots in Stock Chinese Version\" ori-width=\"870\" ori-height=\"460\"></noscript>&nbsp;</p>\r\n<p><img data-src=\"//sc02.alicdn.com/kf/HTB1k4MGVpzqK1RjSZFvq6AB7VXaE/238453868/HTB1k4MGVpzqK1RjSZFvq6AB7VXaE.jpg\" data-alt=\"Original Xiaomi Redmi AirDots in Stock Chinese Version\" /><noscript><img src=\"\" alt=\"Original Xiaomi Redmi AirDots in Stock Chinese Version\" ori-width=\"870\" ori-height=\"1160\"></noscript></p>\r\n</div>\r\n</div>\r\n<div id=\"ali-anchor-AliPostDhMb-rikvf\" style=\"padding-top: 8px;\" data-section=\"AliPostDhMb-rikvf\" data-section-title=\"Packaging &amp; Shipping\">\r\n<div id=\"ali-title-AliPostDhMb-rikvf\" style=\"padding: 8px 0; border-bottom: 1px solid #ddd;\"><span style=\"background-color: #ddd; color: #333; font-weight: bold; padding: 8px 10px; line-height: 12px;\">Packaging &amp; Shipping</span></div>\r\n<div style=\"padding: 10px 0;\">\r\n<p>&nbsp;</p>\r\n<p>Packing</p>\r\n<p>&nbsp;</p>\r\n<p>Original&nbsp;</p>\r\n<p>&nbsp;</p>\r\n<p>Shipping<br /><br />1. DHL, UPS, Fedex, TNT, Aramex, Air freight &amp; Sea shipment for your choose.</p>\r\n<p>2. DHL UPS Fedex TNT takes 3-7 days arrival your address.</p>\r\n<p>3. For in stock goods, after received payment, we will shipping out in 1-3days.</p>\r\n</div>\r\n</div>\r\n<div id=\"ali-anchor-AliPostDhMb-bv4sw\" style=\"padding-top: 8px;\" data-section=\"AliPostDhMb-bv4sw\" data-section-title=\"Company Information\">\r\n<div id=\"ali-title-AliPostDhMb-bv4sw\" style=\"padding: 8px 0; border-bottom: 1px solid #ddd;\"><span style=\"background-color: #ddd; color: #333; font-weight: bold; padding: 8px 10px; line-height: 12px;\">Company Information</span></div>\r\n<div style=\"padding: 10px 0;\">\r\n<p>&nbsp;</p>\r\n<p>Shenzhen New Way Technology Co., Ltd. Is one of the first company selling original Xiaomi Smartphone, Xiaomi ECO Products, Xiaoyi, Huawei Meizu Accessories online.<br />Since the year 2014 our company online annual revenue over 100 million USD, after that our annual revenue make new history every year!</p>\r\n<p><br />After few years development and in order to meet more clients requirement in consumer electronic products, <br />now we produce more range &amp; wide products, neutral USB cable, Car holder, Wireless Charger, Car Charger, Speaker, Earphone, Headset, Phone Case, Phone Screen Protector, Tablet PC Case, HDMI Cable, VGA Cable and etc.</p>\r\n<p><br />Shenzhen New Way Technology Co., Ltd. business principle is: \"Quality First, Price Cheap, Service Best &amp; Honest, Win-Win Relationship and Growing Together!\"</p>\r\n</div>\r\n</div>\r\n<div id=\"ali-anchor-AliPostDhMb-w0t8x\" style=\"padding-top: 8px;\" data-section=\"AliPostDhMb-w0t8x\" data-section-title=\"FAQ\">\r\n<div id=\"ali-title-AliPostDhMb-w0t8x\" style=\"padding: 8px 0; border-bottom: 1px solid #ddd;\"><span style=\"background-color: #ddd; color: #333; font-weight: bold; padding: 8px 10px; line-height: 12px;\">FAQ</span></div>\r\n<div style=\"padding: 10px 0;\">\r\n<p>&nbsp;</p>\r\n<p>Q1. Why choose you?<br />--&gt;As a gold supplier ,we have a good reputation on our customers,because of the good quality , suitable price and good service .<br /><br />Q2. You are factory or trading company?<br />--&gt; we are 100% factory, we also do trading online.</p>\r\n<p><br />Q3. What is the Minimum Order Quantity(MOQ)?<br />--&gt;MOQ: Most of products are 10pcs, some models 100pcs, customized order 1000pcs</p>\r\n<p><br />Q4. What is your shipping way?<br />--&gt;We usually ship it via DHL/UPS/Fedex/TNT/Aramex. If you have big quantity, you can choose air freight or Sea shipment.</p>\r\n<p><br />Q5. What is your payment?<br />--&gt;T/T wire bank transfer,West Union,Moneygram, Paypal, Payoneer, Escrow.</p>\r\n<p><br />Q6. Can I take a sample for quality check?<br />--&gt;Sure, we offer free sample, but clients pay shipping cost.</p>\r\n<p><br />Q7. Can you put my brand name(LOGO)on the products?<br />--&gt;Yes,We can. Laser print, Silk print for your choose, MOQ 100pcs each model</p>\r\n<p><br />Q8. Do you accept OEM or ODM order?<br />--&gt;Yes for sure. If you have products graphic design, we can make new mould to produce your products. <br />If you don\'t have graphic design, we can further discuss details to make it out, we have experience designers, just tell us your idea, we can make it happen</p>\r\n<p><br />Q9. Can you ship the goods to my agent or shipping forwarder in China ?<br />--&gt;Yes, we can, just tell us your code in your agent or forwarder side, also tell us your agent or forwarder adress and contact details.</p>\r\n<p><br />Q10. Can you ship my goods to Amazon FBA warehouse ?<br />--&gt;Sure we can, pls send us the SKU label and Amazon outside Carton labes.</p>\r\n<p><br />Q11. How can you slove the problem if we receive the defective goods.<br />--&gt;Send us the pictures or video first time, we will send free replacement goods for you</p>\r\n<p>&nbsp;</p>\r\n<p><img data-src=\"//sc02.alicdn.com/kf/HTB1N8LhU3HqK1RjSZFEq6AGMXXaD/238453868/HTB1N8LhU3HqK1RjSZFEq6AGMXXaD.jpg\" data-alt=\"Original Xiaomi Redmi AirDots in Stock Chinese Version\" /><noscript><img src=\"\" alt=\"Original Xiaomi Redmi AirDots in Stock Chinese Version\" ori-width=\"864\" ori-height=\"457\"></noscript></p>\r\n</div>\r\n</div>\r\n</div>\r\n<!-- tangram:4450 begin--> <!-- ICBU detail loader --> <!-- tangram:4448 begin--> <!-- tangram:4448 end--><!-- tangram:4450 end--></div>', '50', 'pice', 250, 1000, 1, 'bluetooth,headphone,portable', 40, NULL, NULL, NULL, NULL, NULL, NULL, '2019-08-01 18:19:34', '2019-08-01 12:19:34');
INSERT INTO `products` (`id`, `web_url`, `name`, `brand`, `category_id`, `primary_image`, `other_images`, `description`, `minimum_orders`, `unit`, `start_price`, `end_price`, `is_featured`, `tags`, `views`, `text_one_title`, `text_one_text`, `text_two_title`, `text_two_text`, `text_three_title`, `text_three_text`, `created_at`, `updated_at`) VALUES
(21, 'https://www.alibaba.com/product-detail/Free-Shipping-TOPK-AM23-1M-LED_62023627615.html?spm=a279r.11949387.jmlplxsn.2.53cd3978v5MNEr', 'TOPK AM23 1M LED Magnetic Charging USB Cable', NULL, 48, '//sc01.alicdn.com/kf/HTB1W1YwMSzqK1RjSZFHq6z3CpXar/Free-Shipping-TOPK-AM23-1M-LED-Magnetic.jpg', '[\"\\/\\/sc01.alicdn.com\\/kf\\/HTB1W1YwMSzqK1RjSZFHq6z3CpXar\\/Free-Shipping-TOPK-AM23-1M-LED-Magnetic.jpg_350x350.jpg\",\"\\/\\/sc02.alicdn.com\\/kf\\/HTB1CoG4JSrqK1RjSZK9q6xyypXan\\/Free-Shipping-TOPK-AM23-1M-LED-Magnetic.jpg_350x350.jpg\",\"\\/\\/sc01.alicdn.com\\/kf\\/HTB19M54JPDpK1RjSZFrq6y78VXaD\\/Free-Shipping-TOPK-AM23-1M-LED-Magnetic.jpg_350x350.jpg\"]', '<div class=\"scc-wrapper detail-module module-productSpecification\" data-spm=\"pronpeci14\"><!--false | 62023627615 | -->\r\n<div id=\"J-rich-text-description\" class=\"richtext richtext-detail rich-text-description\">\r\n<div data-maya=\"{&quot;theme&quot;:{&quot;face&quot;:&quot;yin&quot;,&quot;fontFace&quot;:&quot;Roboto&quot;,&quot;fontSize&quot;:22,&quot;colors&quot;:1},&quot;items&quot;:[{&quot;title&quot;:&quot;svvs0&quot;,&quot;formats&quot;:[[{&quot;z8ku9&quot;:{&quot;name&quot;:&quot;Tc&quot;,&quot;theme&quot;:&quot;col-header&quot;,&quot;tableCfgs&quot;:{&quot;sizes&quot;:{&quot;colWidths&quot;:[190,513],&quot;rowHeights&quot;:[22,22,22,22,22,22,22,22]}}}}],[{&quot;zbpd4&quot;:&quot;Ia&quot;}],[{&quot;04sae&quot;:&quot;Ia&quot;}],[{&quot;qv81o&quot;:&quot;Ia&quot;}],[{&quot;0zjpe&quot;:&quot;Ia&quot;}],[{&quot;ckxxv&quot;:&quot;Ia&quot;}],[{&quot;vgnyr&quot;:&quot;Ia&quot;}],[{&quot;dtpq3&quot;:&quot;Ia&quot;}],[{&quot;f2132&quot;:&quot;Ia&quot;}],[{&quot;n8qdz&quot;:&quot;Ia&quot;}]]},{&quot;title&quot;:&quot;jyxgc&quot;,&quot;formats&quot;:[[{&quot;dwvmw&quot;:&quot;Ii&quot;},{&quot;7y8b9&quot;:&quot;Ii&quot;},{&quot;aa3qm&quot;:&quot;Ii&quot;}],[{&quot;un7iq&quot;:&quot;Ii&quot;},{&quot;3wd4a&quot;:&quot;Ii&quot;},{&quot;j6984&quot;:&quot;Ii&quot;}],[{&quot;m51p8&quot;:&quot;Ii&quot;},{&quot;c86sv&quot;:&quot;Ii&quot;},{&quot;hnl6i&quot;:&quot;Ii&quot;}]]},{&quot;title&quot;:&quot;eydhw&quot;,&quot;formats&quot;:[[{&quot;noyqc&quot;:&quot;Ia&quot;}],[{&quot;odfzj&quot;:&quot;Ia&quot;}],[{&quot;0vgf6&quot;:&quot;Ia&quot;}],[{&quot;lhp33&quot;:&quot;Ia&quot;}]]},{&quot;title&quot;:&quot;kf86w&quot;,&quot;formats&quot;:[[[{&quot;q7xx4&quot;:&quot;H&quot;},{&quot;vkpow&quot;:&quot;P&quot;}]],[[{&quot;p8sej&quot;:&quot;H&quot;},{&quot;zunl6&quot;:&quot;P&quot;}]],[[{&quot;64p1t&quot;:&quot;H&quot;},{&quot;ypsr8&quot;:&quot;P&quot;}]],[[{&quot;6mh74&quot;:&quot;H&quot;},{&quot;taqnt&quot;:&quot;P&quot;}]],[[{&quot;yrcjl&quot;:&quot;H&quot;},{&quot;z5g5k&quot;:&quot;P&quot;}]],[[{&quot;zs1by&quot;:&quot;H&quot;},{&quot;wp5f3&quot;:&quot;P&quot;}]],[[{&quot;zhc8x&quot;:&quot;H&quot;},{&quot;6q308&quot;:&quot;P&quot;}]]]},{&quot;title&quot;:&quot;r2s7s&quot;,&quot;formats&quot;:[[{&quot;y2rum&quot;:&quot;P&quot;}],[{&quot;u69wd&quot;:&quot;Ia&quot;}]]},{&quot;title&quot;:&quot;vyfj7&quot;,&quot;formats&quot;:[[[{&quot;xhxit&quot;:&quot;H&quot;},{&quot;f4evp&quot;:&quot;P&quot;}]],[[{&quot;ptxfg&quot;:&quot;H&quot;},{&quot;1ml7l&quot;:&quot;P&quot;}]],[[{&quot;cpvdu&quot;:&quot;H&quot;},{&quot;wkztj&quot;:&quot;P&quot;}]],[[{&quot;4g44c&quot;:&quot;H&quot;},{&quot;0j1zf&quot;:&quot;P&quot;}]],[[{&quot;qbarw&quot;:&quot;H&quot;},{&quot;yjkut&quot;:&quot;P&quot;}]],[[{&quot;pdbyr&quot;:&quot;H&quot;},{&quot;a6luz&quot;:&quot;P&quot;}]]]}]}\">\r\n<div style=\"vertical-align: top; padding-top: 15px; padding-bottom: 15px;\">\r\n<div id=\"svvs0\" style=\"vertical-align: top; padding-top: 10px; padding-bottom: 10px;\">\r\n<div id=\"ali-anchor-AliMaya-kriwg\" style=\"padding: 8px 0 4px 8px; border-bottom: 2px solid #C5CCDE; border-radius: 3px 3px 0 0; line-height: 1; color: #4d6599; background-color: #c5ccde; font-size: 22px;\" data-section=\"AliMaya-kriwg\" data-section-title=\"         Product Description        \">Product Description</div>\r\n</div>\r\n<div style=\"vertical-align: top; padding-top: 10px; padding-bottom: 10px; margin-right: -4px; margin-left: -4px;\">\r\n<div id=\"z8ku9\" style=\"vertical-align: top; box-sizing: border-box; padding-right: 4px; padding-left: 4px;\">\r\n<table class=\"aliDataTable\" style=\"width: auto; border-collapse: collapse;\">\r\n<tbody>\r\n<tr>\r\n<td style=\"background-color: #dae2ed;\">\r\n<div style=\"width: 190px; height: 22px; padding: 5px 10px; overflow: hidden;\">\r\n<div style=\"text-align: right;\"><strong>Brand :</strong></div>\r\n</div>\r\n</td>\r\n<td>\r\n<div style=\"width: 513px; height: 22px; padding: 5px 10px; overflow: hidden;\">TOPK</div>\r\n</td>\r\n</tr>\r\n<tr>\r\n<td style=\"background-color: #dae2ed;\">\r\n<div style=\"width: 190px; height: auto; padding: 5px 10px; overflow: hidden;\">\r\n<div style=\"text-align: right;\"><strong>Product Name :</strong></div>\r\n</div>\r\n</td>\r\n<td>\r\n<div style=\"width: 513px; height: auto; padding: 5px 10px; overflow: hidden;\">&nbsp;TOPK AM23 1M LED Magnetic Charging USB Cable</div>\r\n</td>\r\n</tr>\r\n<tr>\r\n<td style=\"background-color: #dae2ed;\">\r\n<div style=\"width: 190px; height: 22px; padding: 5px 10px; overflow: hidden;\">\r\n<div style=\"text-align: right;\"><strong>Model Number :</strong></div>\r\n</div>\r\n</td>\r\n<td>\r\n<div style=\"width: 513px; height: auto; padding: 5px 10px; overflow: hidden;\">AM23</div>\r\n</td>\r\n</tr>\r\n<tr>\r\n<td style=\"background-color: #dae2ed;\">\r\n<div style=\"width: 190px; height: 22px; padding: 5px 10px; overflow: hidden;\">\r\n<div style=\"text-align: right;\"><strong>Color :</strong></div>\r\n</div>\r\n</td>\r\n<td>\r\n<div style=\"width: 513px; height: auto; padding: 5px 10px; overflow: hidden;\">Black / Red / Gold / Silver</div>\r\n</td>\r\n</tr>\r\n<tr>\r\n<td style=\"background-color: #dae2ed;\">\r\n<div style=\"width: 190px; height: 22px; padding: 5px 10px; overflow: hidden;\">\r\n<div style=\"text-align: right;\"><strong>Material :</strong></div>\r\n</div>\r\n</td>\r\n<td>\r\n<div style=\"width: 513px; height: auto; padding: 5px 10px; overflow: hidden;\">Nylon weave+Aluminum Alloy</div>\r\n</td>\r\n</tr>\r\n<tr>\r\n<td style=\"background-color: #dae2ed;\">\r\n<div style=\"width: 190px; height: 22px; padding: 5px 10px; overflow: hidden;\">\r\n<div style=\"text-align: right;\"><strong>Connector :</strong></div>\r\n</div>\r\n</td>\r\n<td>\r\n<div style=\"width: 513px; height: auto; padding: 5px 10px; overflow: hidden;\">Micro USB / USB C / 8-Pin</div>\r\n</td>\r\n</tr>\r\n<tr>\r\n<td style=\"background-color: #dae2ed;\">\r\n<div style=\"width: 190px; height: 22px; padding: 5px 10px; overflow: hidden;\">\r\n<div style=\"text-align: right;\"><strong>Length :</strong></div>\r\n</div>\r\n</td>\r\n<td>\r\n<div style=\"width: 513px; height: auto; padding: 5px 10px; overflow: hidden;\">1M</div>\r\n</td>\r\n</tr>\r\n<tr>\r\n<td style=\"background-color: #dae2ed;\">\r\n<div style=\"width: 190px; height: 22px; padding: 5px 10px; overflow: hidden;\">\r\n<div style=\"text-align: right;\"><strong>Features :</strong></div>\r\n</div>\r\n</td>\r\n<td>\r\n<div style=\"width: 513px; height: 22px; padding: 5px 10px; overflow: hidden;\">Strong magnetic charging cable + LED indicator + 360&deg; rotation</div>\r\n</td>\r\n</tr>\r\n</tbody>\r\n</table>\r\n</div>\r\n</div>\r\n<div style=\"vertical-align: top; padding-top: 10px; padding-bottom: 10px; margin-right: -4px; margin-left: -4px;\">\r\n<div id=\"zbpd4\" style=\"vertical-align: top; box-sizing: border-box; padding-right: 4px; padding-left: 4px;\">\r\n<div style=\"overflow: hidden; width: 750px; height: 1116.13px;\"><img style=\"width: 750px; height: 747.581px; margin-left: 0px; margin-top: 0px;\" src=\"//sc02.alicdn.com/kf/HTB1zY7FLRLoK1RjSZFuq6xn0XXas/235409320/HTB1zY7FLRLoK1RjSZFuq6xn0XXas.jpg\" data-src=\"//sc02.alicdn.com/kf/HTB1zY7FLRLoK1RjSZFuq6xn0XXas/235409320/HTB1zY7FLRLoK1RjSZFuq6xn0XXas.jpg\" /></div>\r\n</div>\r\n</div>\r\n<div style=\"vertical-align: top; padding-top: 10px; padding-bottom: 10px; margin-right: -4px; margin-left: -4px;\">\r\n<div id=\"qv81o\" style=\"vertical-align: top; box-sizing: border-box; padding-right: 4px; padding-left: 4px;\">\r\n<div style=\"overflow: hidden; width: 750px; height: 750.806px;\"><img style=\"width: 750px; height: 750.806px; margin-left: 0px; margin-top: 0px;\" src=\"//sc01.alicdn.com/kf/HTB1aTcGLHvpK1RjSZPiq6zmwXXam/235409320/HTB1aTcGLHvpK1RjSZPiq6zmwXXam.jpg\" data-src=\"//sc01.alicdn.com/kf/HTB1aTcGLHvpK1RjSZPiq6zmwXXam/235409320/HTB1aTcGLHvpK1RjSZPiq6zmwXXam.jpg\" /><noscript><img src=\"//u.alicdn.com/js/5v/esite/img/img-placeholder.png\" style=\"width: 750px; height: 750.806px; margin-left: 0px; margin-top: 0px;\"></noscript></div>\r\n</div>\r\n</div>\r\n<div style=\"vertical-align: top; padding-top: 10px; padding-bottom: 10px; margin-right: -4px; margin-left: -4px;\">\r\n<div id=\"0zjpe\" style=\"vertical-align: top; box-sizing: border-box; padding-right: 4px; padding-left: 4px;\">\r\n<div style=\"overflow: hidden; width: 750px; height: 787.097px;\"><img style=\"width: 750px; height: 787.097px; margin-left: 0px; margin-top: 0px;\" src=\"//sc01.alicdn.com/kf/HTB1xDIULNjaK1RjSZFAq6zdLFXah/235409320/HTB1xDIULNjaK1RjSZFAq6zdLFXah.jpg\" data-src=\"//sc01.alicdn.com/kf/HTB1xDIULNjaK1RjSZFAq6zdLFXah/235409320/HTB1xDIULNjaK1RjSZFAq6zdLFXah.jpg\" /><noscript><img src=\"//u.alicdn.com/js/5v/esite/img/img-placeholder.png\" style=\"width: 750px; height: 787.097px; margin-left: 0px; margin-top: 0px;\"></noscript></div>\r\n</div>\r\n</div>\r\n<div style=\"vertical-align: top; padding-top: 10px; padding-bottom: 10px; margin-right: -4px; margin-left: -4px;\">\r\n<div id=\"ckxxv\" style=\"vertical-align: top; box-sizing: border-box; padding-right: 4px; padding-left: 4px;\">\r\n<div style=\"overflow: hidden; width: 750px; height: 804.839px;\"><img style=\"width: 750px; height: 804.839px; margin-left: 0px; margin-top: 0px;\" src=\"//sc01.alicdn.com/kf/HTB1hHMNLHrpK1RjSZTEq6AWAVXax/235409320/HTB1hHMNLHrpK1RjSZTEq6AWAVXax.jpg\" data-src=\"//sc01.alicdn.com/kf/HTB1hHMNLHrpK1RjSZTEq6AWAVXax/235409320/HTB1hHMNLHrpK1RjSZTEq6AWAVXax.jpg\" /><noscript><img src=\"//u.alicdn.com/js/5v/esite/img/img-placeholder.png\" style=\"width: 750px; height: 804.839px; margin-left: 0px; margin-top: 0px;\"></noscript></div>\r\n</div>\r\n</div>\r\n<div style=\"vertical-align: top; padding-top: 10px; padding-bottom: 10px; margin-right: -4px; margin-left: -4px;\">\r\n<div id=\"vgnyr\" style=\"vertical-align: top; box-sizing: border-box; padding-right: 4px; padding-left: 4px;\">\r\n<div style=\"overflow: hidden; width: 750px; height: 482.258px;\"><img style=\"width: 750px; height: 482.258px; margin-left: 0px; margin-top: 0px;\" src=\"//sc01.alicdn.com/kf/HTB1Llo6LNnaK1RjSZFBq6AW7VXaF/235409320/HTB1Llo6LNnaK1RjSZFBq6AW7VXaF.jpg\" data-src=\"//sc01.alicdn.com/kf/HTB1Llo6LNnaK1RjSZFBq6AW7VXaF/235409320/HTB1Llo6LNnaK1RjSZFBq6AW7VXaF.jpg\" /><noscript><img src=\"//u.alicdn.com/js/5v/esite/img/img-placeholder.png\" style=\"width: 750px; height: 482.258px; margin-left: 0px; margin-top: 0px;\"></noscript></div>\r\n</div>\r\n</div>\r\n<div style=\"vertical-align: top; padding-top: 10px; padding-bottom: 10px; margin-right: -4px; margin-left: -4px;\">\r\n<div id=\"dtpq3\" style=\"vertical-align: top; box-sizing: border-box; padding-right: 4px; padding-left: 4px;\">\r\n<div style=\"overflow: hidden; width: 750px; height: 751.613px;\"><img style=\"width: 750px; height: 751.613px; margin-left: 0px; margin-top: 0px;\" src=\"//sc01.alicdn.com/kf/HTB1eiURLMHqK1RjSZFkq6x.WFXaI/235409320/HTB1eiURLMHqK1RjSZFkq6x.WFXaI.jpg\" data-src=\"//sc01.alicdn.com/kf/HTB1eiURLMHqK1RjSZFkq6x.WFXaI/235409320/HTB1eiURLMHqK1RjSZFkq6x.WFXaI.jpg\" /><noscript><img src=\"//u.alicdn.com/js/5v/esite/img/img-placeholder.png\" style=\"width: 750px; height: 751.613px; margin-left: 0px; margin-top: 0px;\"></noscript></div>\r\n</div>\r\n</div>\r\n<div style=\"vertical-align: top; padding-top: 10px; padding-bottom: 10px; margin-right: -4px; margin-left: -4px;\">\r\n<div id=\"f2132\" style=\"vertical-align: top; box-sizing: border-box; padding-right: 4px; padding-left: 4px;\">\r\n<div style=\"overflow: hidden; width: 750px; height: 775px;\"><img style=\"width: 750px; height: 775px; margin-left: 0px; margin-top: 0px;\" src=\"//sc01.alicdn.com/kf/HTB1MNUOLMHqK1RjSZFEq6AGMXXav/235409320/HTB1MNUOLMHqK1RjSZFEq6AGMXXav.jpg\" data-src=\"//sc01.alicdn.com/kf/HTB1MNUOLMHqK1RjSZFEq6AGMXXav/235409320/HTB1MNUOLMHqK1RjSZFEq6AGMXXav.jpg\" /><noscript><img src=\"//u.alicdn.com/js/5v/esite/img/img-placeholder.png\" style=\"width: 750px; height: 775px; margin-left: 0px; margin-top: 0px;\"></noscript></div>\r\n</div>\r\n</div>\r\n<div style=\"vertical-align: top; padding-top: 10px; padding-bottom: 10px; margin-right: -4px; margin-left: -4px;\">\r\n<div id=\"n8qdz\" style=\"vertical-align: top; box-sizing: border-box; padding-right: 4px; padding-left: 4px;\">\r\n<div style=\"overflow: hidden; width: 750px; height: 762.097px;\"><img style=\"width: 750px; height: 762.097px; margin-left: 0px; margin-top: 0px;\" src=\"//sc02.alicdn.com/kf/HTB1S9cJLOrpK1RjSZFhq6xSdXXa4/235409320/HTB1S9cJLOrpK1RjSZFhq6xSdXXa4.jpg\" data-src=\"//sc02.alicdn.com/kf/HTB1S9cJLOrpK1RjSZFhq6xSdXXa4/235409320/HTB1S9cJLOrpK1RjSZFhq6xSdXXa4.jpg\" /><noscript><img src=\"//u.alicdn.com/js/5v/esite/img/img-placeholder.png\" style=\"width: 750px; height: 762.097px; margin-left: 0px; margin-top: 0px;\"></noscript></div>\r\n</div>\r\n</div>\r\n</div>\r\n<div style=\"vertical-align: top; padding-top: 15px; padding-bottom: 15px;\">\r\n<div id=\"jyxgc\" style=\"vertical-align: top; padding-top: 10px; padding-bottom: 10px;\">\r\n<div id=\"ali-anchor-AliMaya-8kus0\" style=\"padding: 8px 0 4px 8px; border-bottom: 2px solid #C5CCDE; border-radius: 3px 3px 0 0; line-height: 1; color: #4d6599; background-color: #c5ccde; font-size: 22px;\" data-section=\"AliMaya-8kus0\" data-section-title=\"         Hot Categories        \">Hot Categories</div>\r\n</div>\r\n<div style=\"vertical-align: top; padding-top: 10px; padding-bottom: 10px; margin-right: -4px; margin-left: -4px;\">\r\n<div id=\"dwvmw\" style=\"vertical-align: top; width: 33.3333%; display: inline-block; box-sizing: border-box; padding-right: 4px; padding-left: 4px;\">\r\n<div style=\"overflow: hidden; width: 244.656px; height: 320px;\"><a href=\"https://topkofficial.en.alibaba.com/productgrouplist-807948484/Magnetic_USB_Cables.html\" target=\"_blank\" rel=\"noopener\"><img style=\"width: 245px; height: 320px; margin-left: 0px; margin-top: 0px;\" src=\"//sc01.alicdn.com/kf/HTB1BQpdLMDqK1RjSZSyq6yxEVXap/235409320/HTB1BQpdLMDqK1RjSZSyq6yxEVXap.jpg\" data-src=\"//sc01.alicdn.com/kf/HTB1BQpdLMDqK1RjSZSyq6yxEVXap/235409320/HTB1BQpdLMDqK1RjSZSyq6yxEVXap.jpg\" /><noscript><img src=\"//u.alicdn.com/js/5v/esite/img/img-placeholder.png\" style=\"width: 245px; height: 320px; margin-left: 0px; margin-top: 0px;\"></noscript></a></div>\r\n</div>\r\n<div id=\"7y8b9\" style=\"vertical-align: top; width: 33.3333%; display: inline-block; box-sizing: border-box; padding-right: 4px; padding-left: 4px;\">\r\n<div style=\"overflow: hidden; width: 244.656px; height: 320px;\"><a href=\"https://topkofficial.en.alibaba.com/productgrouplist-807758765/Normal_USB_Cables.html\" target=\"_blank\" rel=\"noopener\"><img style=\"width: 245px; height: 320px; margin-left: 0px; margin-top: 0px;\" src=\"//sc02.alicdn.com/kf/HTB1z2FuLQvoK1RjSZFwq6AiCFXaL/235409320/HTB1z2FuLQvoK1RjSZFwq6AiCFXaL.jpg\" data-src=\"//sc02.alicdn.com/kf/HTB1z2FuLQvoK1RjSZFwq6AiCFXaL/235409320/HTB1z2FuLQvoK1RjSZFwq6AiCFXaL.jpg\" /><noscript><img src=\"//u.alicdn.com/js/5v/esite/img/img-placeholder.png\" style=\"width: 245px; height: 320px; margin-left: 0px; margin-top: 0px;\"></noscript></a></div>\r\n</div>\r\n<div id=\"aa3qm\" style=\"vertical-align: top; width: 33.3333%; display: inline-block; box-sizing: border-box; padding-right: 4px; padding-left: 4px;\">\r\n<div style=\"overflow: hidden; width: 244.656px; height: 320px;\"><a href=\"https://topkofficial.en.alibaba.com/productgrouplist-807791173/USB_Chargers.html\" target=\"_blank\" rel=\"noopener\"><img style=\"width: 245px; height: 320px; margin-left: 0px; margin-top: 0px;\" src=\"//sc01.alicdn.com/kf/HTB1qQJ7LFzqK1RjSZFCq6zbxVXag/235409320/HTB1qQJ7LFzqK1RjSZFCq6zbxVXag.jpg\" data-src=\"//sc01.alicdn.com/kf/HTB1qQJ7LFzqK1RjSZFCq6zbxVXag/235409320/HTB1qQJ7LFzqK1RjSZFCq6zbxVXag.jpg\" /><noscript><img src=\"//u.alicdn.com/js/5v/esite/img/img-placeholder.png\" style=\"width: 245px; height: 320px; margin-left: 0px; margin-top: 0px;\"></noscript></a></div>\r\n</div>\r\n</div>\r\n<div style=\"vertical-align: top; padding-top: 10px; padding-bottom: 10px; margin-right: -4px; margin-left: -4px;\">\r\n<div id=\"un7iq\" style=\"vertical-align: top; width: 33.3333%; display: inline-block; box-sizing: border-box; padding-right: 4px; padding-left: 4px;\">\r\n<div style=\"overflow: hidden; width: 244.656px; height: 320px;\"><a href=\"https://topkofficial.en.alibaba.com/productgrouplist-810523309/Car_Accessories.html\" target=\"_blank\" rel=\"noopener\"><img style=\"width: 245px; height: 320px; margin-left: 0px; margin-top: 0px;\" src=\"//sc02.alicdn.com/kf/HTB1ATVjLQvoK1RjSZPfq6xPKFXaR/235409320/HTB1ATVjLQvoK1RjSZPfq6xPKFXaR.jpg\" data-src=\"//sc02.alicdn.com/kf/HTB1ATVjLQvoK1RjSZPfq6xPKFXaR/235409320/HTB1ATVjLQvoK1RjSZPfq6xPKFXaR.jpg\" /><noscript><img src=\"//u.alicdn.com/js/5v/esite/img/img-placeholder.png\" style=\"width: 245px; height: 320px; margin-left: 0px; margin-top: 0px;\"></noscript></a></div>\r\n</div>\r\n<div id=\"3wd4a\" style=\"vertical-align: top; width: 33.3333%; display: inline-block; box-sizing: border-box; padding-right: 4px; padding-left: 4px;\">\r\n<div style=\"overflow: hidden; width: 244.656px; height: 320px;\"><a href=\"https://topkofficial.en.alibaba.com/productgrouplist-810595452/Wireless_Chargers.html\" target=\"_blank\" rel=\"noopener\"><img style=\"width: 245px; height: 320px; margin-left: 0px; margin-top: 0px;\" src=\"//sc01.alicdn.com/kf/HTB1kuBlLFzqK1RjSZSgq6ApAVXap/235409320/HTB1kuBlLFzqK1RjSZSgq6ApAVXap.jpg\" data-src=\"//sc01.alicdn.com/kf/HTB1kuBlLFzqK1RjSZSgq6ApAVXap/235409320/HTB1kuBlLFzqK1RjSZSgq6ApAVXap.jpg\" /><noscript><img src=\"//u.alicdn.com/js/5v/esite/img/img-placeholder.png\" style=\"width: 245px; height: 320px; margin-left: 0px; margin-top: 0px;\"></noscript></a></div>\r\n</div>\r\n<div id=\"j6984\" style=\"vertical-align: top; width: 33.3333%; display: inline-block; box-sizing: border-box; padding-right: 4px; padding-left: 4px;\">\r\n<div style=\"overflow: hidden; width: 244.656px; height: 320px;\"><a href=\"https://topkofficial.en.alibaba.com/productgrouplist-808004826/Phone_Cases.html\" target=\"_blank\" rel=\"noopener\"><img style=\"width: 245px; height: 320px; margin-left: 0px; margin-top: 0px;\" src=\"//sc01.alicdn.com/kf/HTB1Vs8jLHvpK1RjSZFqq6AXUVXa0/235409320/HTB1Vs8jLHvpK1RjSZFqq6AXUVXa0.jpg\" data-src=\"//sc01.alicdn.com/kf/HTB1Vs8jLHvpK1RjSZFqq6AXUVXa0/235409320/HTB1Vs8jLHvpK1RjSZFqq6AXUVXa0.jpg\" /><noscript><img src=\"//u.alicdn.com/js/5v/esite/img/img-placeholder.png\" style=\"width: 245px; height: 320px; margin-left: 0px; margin-top: 0px;\"></noscript></a></div>\r\n</div>\r\n</div>\r\n<div style=\"vertical-align: top; padding-top: 10px; padding-bottom: 10px; margin-right: -4px; margin-left: -4px;\">\r\n<div id=\"m51p8\" style=\"vertical-align: top; width: 33.3333%; display: inline-block; box-sizing: border-box; padding-right: 4px; padding-left: 4px;\">\r\n<div style=\"overflow: hidden; width: 244.656px; height: 320px;\"><a href=\"https://topkofficial.en.alibaba.com/productgrouplist-808013327/Earphones.html\" target=\"_blank\" rel=\"noopener\"><img style=\"width: 245px; height: 320px; margin-left: 0px; margin-top: 0px;\" src=\"//sc02.alicdn.com/kf/HTB13i07LPTpK1RjSZKPq6y3UpXa4/235409320/HTB13i07LPTpK1RjSZKPq6y3UpXa4.jpg\" data-src=\"//sc02.alicdn.com/kf/HTB13i07LPTpK1RjSZKPq6y3UpXa4/235409320/HTB13i07LPTpK1RjSZKPq6y3UpXa4.jpg\" /><noscript><img src=\"//u.alicdn.com/js/5v/esite/img/img-placeholder.png\" style=\"width: 245px; height: 320px; margin-left: 0px; margin-top: 0px;\"></noscript></a></div>\r\n</div>\r\n<div id=\"c86sv\" style=\"vertical-align: top; width: 33.3333%; display: inline-block; box-sizing: border-box; padding-right: 4px; padding-left: 4px;\">\r\n<div style=\"overflow: hidden; width: 244.656px; height: 320px;\"><a href=\"https://topkofficial.en.alibaba.com/productgrouplist-807679440/Phone_Holders.html\" target=\"_blank\" rel=\"noopener\"><img style=\"width: 245px; height: 320px; margin-left: 0px; margin-top: 0px;\" src=\"//sc01.alicdn.com/kf/HTB19K0lLSzqK1RjSZFjq6zlCFXaz/235409320/HTB19K0lLSzqK1RjSZFjq6zlCFXaz.jpg\" data-src=\"//sc01.alicdn.com/kf/HTB19K0lLSzqK1RjSZFjq6zlCFXaz/235409320/HTB19K0lLSzqK1RjSZFjq6zlCFXaz.jpg\" /><noscript><img src=\"//u.alicdn.com/js/5v/esite/img/img-placeholder.png\" style=\"width: 245px; height: 320px; margin-left: 0px; margin-top: 0px;\"></noscript></a></div>\r\n</div>\r\n<div id=\"hnl6i\" style=\"vertical-align: top; width: 33.3333%; display: inline-block; box-sizing: border-box; padding-right: 4px; padding-left: 4px;\">\r\n<div style=\"overflow: hidden; width: 244.656px; height: 320px;\"><a href=\"https://topkofficial.en.alibaba.com/productgrouplist-808054475/Other_Accessories.html\" target=\"_blank\" rel=\"noopener\"><img style=\"width: 245px; height: 320px; margin-left: 0px; margin-top: 0px;\" src=\"//sc01.alicdn.com/kf/HTB1egRdLPDpK1RjSZFrq6y78VXay/235409320/HTB1egRdLPDpK1RjSZFrq6y78VXay.jpg\" data-src=\"//sc01.alicdn.com/kf/HTB1egRdLPDpK1RjSZFrq6y78VXay/235409320/HTB1egRdLPDpK1RjSZFrq6y78VXay.jpg\" /><noscript><img src=\"//u.alicdn.com/js/5v/esite/img/img-placeholder.png\" style=\"width: 245px; height: 320px; margin-left: 0px; margin-top: 0px;\"></noscript></a></div>\r\n</div>\r\n</div>\r\n</div>\r\n<div style=\"vertical-align: top; padding-top: 15px; padding-bottom: 15px;\">\r\n<div id=\"eydhw\" style=\"vertical-align: top; padding-top: 10px; padding-bottom: 10px;\">\r\n<div id=\"ali-anchor-AliMaya-sxcx9\" style=\"padding: 8px 0 4px 8px; border-bottom: 2px solid #C5CCDE; border-radius: 3px 3px 0 0; line-height: 1; color: #4d6599; background-color: #c5ccde; font-size: 22px;\" data-section=\"AliMaya-sxcx9\" data-section-title=\"Company Information\">Company Information</div>\r\n</div>\r\n<div style=\"vertical-align: top; padding-top: 10px; padding-bottom: 10px; margin-right: -4px; margin-left: -4px;\">\r\n<div id=\"noyqc\" style=\"vertical-align: top; box-sizing: border-box; padding-right: 4px; padding-left: 4px;\">\r\n<div style=\"overflow: hidden; width: 750px; height: 521px;\"><img style=\"width: 750px; height: 521px; margin-left: 0px; margin-top: 0px;\" src=\"//sc01.alicdn.com/kf/HTB1j_nvLxTpK1RjSZFMq6zG_VXa9/235409320/HTB1j_nvLxTpK1RjSZFMq6zG_VXa9.jpg\" data-src=\"//sc01.alicdn.com/kf/HTB1j_nvLxTpK1RjSZFMq6zG_VXa9/235409320/HTB1j_nvLxTpK1RjSZFMq6zG_VXa9.jpg\" /><noscript><img src=\"//u.alicdn.com/js/5v/esite/img/img-placeholder.png\" style=\"width: 750px; height: 521px; margin-left: 0px; margin-top: 0px;\"></noscript></div>\r\n</div>\r\n</div>\r\n<div style=\"vertical-align: top; padding-top: 10px; padding-bottom: 10px; margin-right: -4px; margin-left: -4px;\">\r\n<div id=\"odfzj\" style=\"vertical-align: top; box-sizing: border-box; padding-right: 4px; padding-left: 4px;\">\r\n<div style=\"overflow: hidden; width: 750px; height: 487px;\"><img style=\"width: 750px; height: 487px; margin-left: 0px; margin-top: 0px;\" src=\"//sc02.alicdn.com/kf/HTB15Q6TLxjaK1RjSZKzq6xVwXXaa/235409320/HTB15Q6TLxjaK1RjSZKzq6xVwXXaa.jpg\" data-src=\"//sc02.alicdn.com/kf/HTB15Q6TLxjaK1RjSZKzq6xVwXXaa/235409320/HTB15Q6TLxjaK1RjSZKzq6xVwXXaa.jpg\" /><noscript><img src=\"//u.alicdn.com/js/5v/esite/img/img-placeholder.png\" style=\"width: 750px; height: 487px; margin-left: 0px; margin-top: 0px;\"></noscript></div>\r\n</div>\r\n</div>\r\n<div style=\"vertical-align: top; padding-top: 10px; padding-bottom: 10px; margin-right: -4px; margin-left: -4px;\">\r\n<div id=\"0vgf6\" style=\"vertical-align: top; box-sizing: border-box; padding-right: 4px; padding-left: 4px;\">\r\n<div style=\"overflow: hidden; width: 750px; height: 695px;\"><img style=\"width: 750px; height: 695px; margin-left: 0px; margin-top: 0px;\" src=\"//sc01.alicdn.com/kf/HTB1Y1zCLwHqK1RjSZFkq6x.WFXai/235409320/HTB1Y1zCLwHqK1RjSZFkq6x.WFXai.jpg\" data-src=\"//sc01.alicdn.com/kf/HTB1Y1zCLwHqK1RjSZFkq6x.WFXai/235409320/HTB1Y1zCLwHqK1RjSZFkq6x.WFXai.jpg\" /><noscript><img src=\"//u.alicdn.com/js/5v/esite/img/img-placeholder.png\" style=\"width: 750px; height: 695px; margin-left: 0px; margin-top: 0px;\"></noscript></div>\r\n</div>\r\n</div>\r\n<div style=\"vertical-align: top; padding-top: 10px; padding-bottom: 10px; margin-right: -4px; margin-left: -4px;\">\r\n<div id=\"lhp33\" style=\"vertical-align: top; box-sizing: border-box; padding-right: 4px; padding-left: 4px;\">\r\n<div style=\"overflow: hidden; width: 750px; height: 586px;\"><img style=\"width: 750px; height: 586px; margin-left: 0px; margin-top: 0px;\" src=\"//sc01.alicdn.com/kf/HTB1iAHxLpzqK1RjSZFCq6zbxVXay/235409320/HTB1iAHxLpzqK1RjSZFCq6zbxVXay.jpg\" data-src=\"//sc01.alicdn.com/kf/HTB1iAHxLpzqK1RjSZFCq6zbxVXay/235409320/HTB1iAHxLpzqK1RjSZFCq6zbxVXay.jpg\" /><noscript><img src=\"//u.alicdn.com/js/5v/esite/img/img-placeholder.png\" style=\"width: 750px; height: 586px; margin-left: 0px; margin-top: 0px;\"></noscript></div>\r\n</div>\r\n</div>\r\n</div>\r\n<div style=\"vertical-align: top; padding-top: 15px; padding-bottom: 15px;\">\r\n<div id=\"kf86w\" style=\"vertical-align: top; padding-top: 10px; padding-bottom: 10px;\">\r\n<div id=\"ali-anchor-AliMaya-y5dge\" style=\"padding: 8px 0 4px 8px; border-bottom: 2px solid #C5CCDE; border-radius: 3px 3px 0 0; line-height: 1; color: #4d6599; background-color: #c5ccde; font-size: 22px;\" data-section=\"AliMaya-y5dge\" data-section-title=\"         Our Services        \">Our Services</div>\r\n</div>\r\n<div style=\"vertical-align: top; padding-top: 10px; padding-bottom: 10px; margin-right: -4px; margin-left: -4px;\">\r\n<div style=\"vertical-align: top; box-sizing: border-box; padding-right: 4px; padding-left: 4px; margin-top: -4px; margin-bottom: -4px;\">\r\n<div id=\"q7xx4\" style=\"vertical-align: top; box-sizing: border-box; padding-top: 4px; padding-bottom: 4px;\">\r\n<h3 style=\"padding: 0; font-size: 16px; line-height: 20px; font-weight: bold; color: #333; margin: 0;\">1.High Quality Product:</h3>\r\n</div>\r\n<div id=\"vkpow\" style=\"vertical-align: top; box-sizing: border-box; padding-top: 4px; padding-bottom: 4px;\">\r\n<p style=\"margin: 0; padding: 0;\">All our products are manufactured according to high quality standard to make sure stable Performance.</p>\r\n</div>\r\n</div>\r\n</div>\r\n<div style=\"vertical-align: top; padding-top: 10px; padding-bottom: 10px; margin-right: -4px; margin-left: -4px;\">\r\n<div style=\"vertical-align: top; box-sizing: border-box; padding-right: 4px; padding-left: 4px; margin-top: -4px; margin-bottom: -4px;\">\r\n<div id=\"p8sej\" style=\"vertical-align: top; box-sizing: border-box; padding-top: 4px; padding-bottom: 4px;\">\r\n<h3 style=\"padding: 0; font-size: 16px; line-height: 20px; font-weight: bold; color: #333; margin: 0;\">2.Reasonable Price:</h3>\r\n</div>\r\n<div id=\"zunl6\" style=\"vertical-align: top; box-sizing: border-box; padding-top: 4px; padding-bottom: 4px;\">\r\n<p style=\"margin: 0; padding: 0;\">1). Reasonable price according to our high quality standard.<br />2). Selecting Stable Quality Raw Material from Regular Supply Chain<br />3). Products are strictly manufactured according to 7 level QC standar</p>\r\n</div>\r\n</div>\r\n</div>\r\n<div style=\"vertical-align: top; padding-top: 10px; padding-bottom: 10px; margin-right: -4px; margin-left: -4px;\">\r\n<div style=\"vertical-align: top; box-sizing: border-box; padding-right: 4px; padding-left: 4px; margin-top: -4px; margin-bottom: -4px;\">\r\n<div id=\"64p1t\" style=\"vertical-align: top; box-sizing: border-box; padding-top: 4px; padding-bottom: 4px;\">\r\n<h3 style=\"padding: 0; font-size: 16px; line-height: 20px; font-weight: bold; color: #333; margin: 0;\">3. Provide ODM ( Original Design Manufacturer ) services to our customers.</h3>\r\n</div>\r\n<div id=\"ypsr8\" style=\"vertical-align: top; box-sizing: border-box; padding-top: 4px; padding-bottom: 4px;\">\r\n<p style=\"margin: 0; padding: 0;\">Customers give us detailed description and specifications of the new product, and we handle the rest, including product +package design, prototype and manufacturing if need.</p>\r\n</div>\r\n</div>\r\n</div>\r\n<div style=\"vertical-align: top; padding-top: 10px; padding-bottom: 10px; margin-right: -4px; margin-left: -4px;\">\r\n<div style=\"vertical-align: top; box-sizing: border-box; padding-right: 4px; padding-left: 4px; margin-top: -4px; margin-bottom: -4px;\">\r\n<div id=\"6mh74\" style=\"vertical-align: top; box-sizing: border-box; padding-top: 4px; padding-bottom: 4px;\">\r\n<h3 style=\"padding: 0; font-size: 16px; line-height: 20px; font-weight: bold; color: #333; margin: 0;\">4. Design Ability:</h3>\r\n</div>\r\n<div id=\"taqnt\" style=\"vertical-align: top; box-sizing: border-box; padding-top: 4px; padding-bottom: 4px;\">\r\n<p style=\"margin: 0; padding: 0;\">Artwork / Instruction manual / product design according to customer\'s requirement. <br />We have rich experiences shell design, PCBA board programme and shell injection mould.</p>\r\n</div>\r\n</div>\r\n</div>\r\n<div style=\"vertical-align: top; padding-top: 10px; padding-bottom: 10px; margin-right: -4px; margin-left: -4px;\">\r\n<div style=\"vertical-align: top; box-sizing: border-box; padding-right: 4px; padding-left: 4px; margin-top: -4px; margin-bottom: -4px;\">\r\n<div id=\"yrcjl\" style=\"vertical-align: top; box-sizing: border-box; padding-top: 4px; padding-bottom: 4px;\">\r\n<h3 style=\"padding: 0; font-size: 16px; line-height: 20px; font-weight: bold; color: #333; margin: 0;\">5. Customized LOGO and Packaging:</h3>\r\n</div>\r\n<div id=\"z5g5k\" style=\"vertical-align: top; box-sizing: border-box; padding-top: 4px; padding-bottom: 4px;\">\r\n<p style=\"margin: 0; padding: 0;\">1) Silk-screen printing logo <strong>(Min. Order: 200 Pieces)</strong> ;<br />2) Laser engraved logo<strong> (Min. Order: 200 Pieces)</strong> ;<br />3) Color box Package/ polybag Package<strong> (Min. Order: 1000 Pieces)</strong>;</p>\r\n</div>\r\n</div>\r\n</div>\r\n<div style=\"vertical-align: top; padding-top: 10px; padding-bottom: 10px; margin-right: -4px; margin-left: -4px;\">\r\n<div style=\"vertical-align: top; box-sizing: border-box; padding-right: 4px; padding-left: 4px; margin-top: -4px; margin-bottom: -4px;\">\r\n<div id=\"zs1by\" style=\"vertical-align: top; box-sizing: border-box; padding-top: 4px; padding-bottom: 4px;\">\r\n<h3 style=\"padding: 0; font-size: 16px; line-height: 20px; font-weight: bold; color: #333; margin: 0;\">6. All products are CE/RoHS/FCC Compliant</h3>\r\n</div>\r\n<div id=\"wp5f3\" style=\"vertical-align: top; box-sizing: border-box; padding-top: 4px; padding-bottom: 4px;\">&nbsp;</div>\r\n</div>\r\n</div>\r\n<div style=\"vertical-align: top; padding-top: 10px; padding-bottom: 10px; margin-right: -4px; margin-left: -4px;\">\r\n<div style=\"vertical-align: top; box-sizing: border-box; padding-right: 4px; padding-left: 4px; margin-top: -4px; margin-bottom: -4px;\">\r\n<div id=\"zhc8x\" style=\"vertical-align: top; box-sizing: border-box; padding-top: 4px; padding-bottom: 4px;\">\r\n<h3 style=\"padding: 0; font-size: 16px; line-height: 20px; font-weight: bold; color: #333; margin: 0;\">7.Best Serive:</h3>\r\n</div>\r\n<div id=\"6q308\" style=\"vertical-align: top; box-sizing: border-box; padding-top: 4px; padding-bottom: 4px;\">\r\n<p style=\"margin: 0; padding: 0;\">1). Active response for your inquiry within <strong>24 hours</strong><br />2). Professional efficient communication<br />3). <strong>10 new products</strong> are launched per month<br />4). All products are provided with <strong>12 month</strong> warranty except human Damage</p>\r\n</div>\r\n</div>\r\n</div>\r\n</div>\r\n<div style=\"vertical-align: top; padding-top: 15px; padding-bottom: 15px;\">\r\n<div id=\"r2s7s\" style=\"vertical-align: top; padding-top: 10px; padding-bottom: 10px;\">\r\n<div id=\"ali-anchor-AliMaya-0yq7z\" style=\"padding: 8px 0 4px 8px; border-bottom: 2px solid #C5CCDE; border-radius: 3px 3px 0 0; line-height: 1; color: #4d6599; background-color: #c5ccde; font-size: 22px;\" data-section=\"AliMaya-0yq7z\" data-section-title=\"         Packaging &amp; Shipping        \">Packaging &amp; Shipping</div>\r\n</div>\r\n<div style=\"vertical-align: top; padding-top: 10px; padding-bottom: 10px; margin-right: -4px; margin-left: -4px;\">\r\n<div id=\"y2rum\" style=\"vertical-align: top; box-sizing: border-box; padding-right: 4px; padding-left: 4px;\">\r\n<p style=\"margin: 0; padding: 0;\"><strong>1. DHL / UPS / FedEx / TNT , Door-to-Door.</strong><br /><strong>2. By Air or by Sea , for FCL; Airport/ Port receiving.<br />3. Customers Specifying Freight Forwarders or Negotiable Shipping Methods.<br />4.We choose the best and safe packaging material to make sure your orders won\'t be damaged during delivery.</strong></p>\r\n</div>\r\n</div>\r\n<div style=\"vertical-align: top; padding-top: 10px; padding-bottom: 10px; margin-right: -4px; margin-left: -4px;\">\r\n<div id=\"u69wd\" style=\"vertical-align: top; box-sizing: border-box; padding-right: 4px; padding-left: 4px;\">\r\n<div style=\"overflow: hidden; width: 750px; height: 700px;\"><img style=\"width: 750px; height: 700px; margin-left: 0px; margin-top: 0px;\" src=\"//sc01.alicdn.com/kf/HTB14IviahrvK1RjSszeq6yObFXaI/235409320/HTB14IviahrvK1RjSszeq6yObFXaI.jpg\" data-src=\"//sc01.alicdn.com/kf/HTB14IviahrvK1RjSszeq6yObFXaI/235409320/HTB14IviahrvK1RjSszeq6yObFXaI.jpg\" /><noscript><img src=\"//sc01.alicdn.com/kf/HTB14IviahrvK1RjSszeq6yObFXaI/235409320/HTB14IviahrvK1RjSszeq6yObFXaI.jpg\" style=\"width: 750px; height: 700px; margin-left: 0px; margin-top: 0px;\"></noscript></div>\r\n</div>\r\n</div>\r\n</div>\r\n<div style=\"vertical-align: top; padding-top: 15px; padding-bottom: 15px;\">\r\n<div id=\"vyfj7\" style=\"vertical-align: top; padding-top: 10px; padding-bottom: 10px;\">\r\n<div id=\"ali-anchor-AliMaya-fg7jj\" style=\"padding: 8px 0 4px 8px; border-bottom: 2px solid #C5CCDE; border-radius: 3px 3px 0 0; line-height: 1; color: #4d6599; background-color: #c5ccde; font-size: 22px;\" data-section=\"AliMaya-fg7jj\" data-section-title=\"         FAQ        \">FAQ</div>\r\n</div>\r\n<div style=\"vertical-align: top; padding-top: 10px; padding-bottom: 10px; margin-right: -4px; margin-left: -4px;\">\r\n<div style=\"vertical-align: top; box-sizing: border-box; padding-right: 4px; padding-left: 4px; margin-top: -4px; margin-bottom: -4px;\">\r\n<div id=\"xhxit\" style=\"vertical-align: top; box-sizing: border-box; padding-top: 4px; padding-bottom: 4px;\">\r\n<h3 style=\"padding: 0; font-size: 16px; line-height: 20px; font-weight: bold; color: #333; margin: 0;\">Q1. What type of company are you?</h3>\r\n</div>\r\n<div id=\"f4evp\" style=\"vertical-align: top; box-sizing: border-box; padding-top: 4px; padding-bottom: 4px;\">\r\n<p style=\"margin: 0; padding: 0;\"><span style=\"color: #000000;\">A1.We are a comprehensive enterprise integrating industry and trade with a professional factory and TOPK brand.</span></p>\r\n</div>\r\n</div>\r\n</div>\r\n<div style=\"vertical-align: top; padding-top: 10px; padding-bottom: 10px; margin-right: -4px; margin-left: -4px;\">\r\n<div style=\"vertical-align: top; box-sizing: border-box; padding-right: 4px; padding-left: 4px; margin-top: -4px; margin-bottom: -4px;\">\r\n<div id=\"ptxfg\" style=\"vertical-align: top; box-sizing: border-box; padding-top: 4px; padding-bottom: 4px;\">\r\n<h3 style=\"padding: 0; font-size: 16px; line-height: 20px; font-weight: bold; color: #333; margin: 0;\">Q2. Can I ask for samples before placing an order?</h3>\r\n</div>\r\n<div id=\"1ml7l\" style=\"vertical-align: top; box-sizing: border-box; padding-top: 4px; padding-bottom: 4px;\">\r\n<p style=\"margin: 0; padding: 0;\"><span style=\"color: #000000;\">A2: Yes, we welcome sample order to test and check quality.Mixed samples are acceptable.</span></p>\r\n</div>\r\n</div>\r\n</div>\r\n<div style=\"vertical-align: top; padding-top: 10px; padding-bottom: 10px; margin-right: -4px; margin-left: -4px;\">\r\n<div style=\"vertical-align: top; box-sizing: border-box; padding-right: 4px; padding-left: 4px; margin-top: -4px; margin-bottom: -4px;\">\r\n<div id=\"cpvdu\" style=\"vertical-align: top; box-sizing: border-box; padding-top: 4px; padding-bottom: 4px;\">\r\n<h3 style=\"padding: 0; font-size: 16px; line-height: 20px; font-weight: bold; color: #333; margin: 0;\">Q3. How do you ship my cargoes and how long does it take to deliver?</h3>\r\n</div>\r\n<div id=\"wkztj\" style=\"vertical-align: top; box-sizing: border-box; padding-top: 4px; padding-bottom: 4px;\">\r\n<p style=\"margin: 0; padding: 0;\"><span style=\"color: #000000;\">A3: We usually ship your cargoes by express. And it usually takes 1-3 days if you buy our regular products with regular QTY. If you buy the customized products,it needs 7-10days.Please be patient, we will track the latest delivery information and inform you.</span></p>\r\n</div>\r\n</div>\r\n</div>\r\n<div style=\"vertical-align: top; padding-top: 10px; padding-bottom: 10px; margin-right: -4px; margin-left: -4px;\">\r\n<div style=\"vertical-align: top; box-sizing: border-box; padding-right: 4px; padding-left: 4px; margin-top: -4px; margin-bottom: -4px;\">\r\n<div id=\"4g44c\" style=\"vertical-align: top; box-sizing: border-box; padding-top: 4px; padding-bottom: 4px;\">\r\n<h3 style=\"padding: 0; font-size: 16px; line-height: 20px; font-weight: bold; color: #333; margin: 0;\">Q4. What need I do if I want to print my own logo?</h3>\r\n</div>\r\n<div id=\"0j1zf\" style=\"vertical-align: top; box-sizing: border-box; padding-top: 4px; padding-bottom: 4px;\">\r\n<p style=\"margin: 0; padding: 0;\"><span style=\"color: #000000;\">A4: First, please send us your logo file in high resolution. We will make some drafts for your reference to confirm the position and size of your logo. Next we will make 1-2 samples for you to check the actual effect. Finally the formal production will start after the sample confirmed.</span></p>\r\n</div>\r\n</div>\r\n</div>\r\n<div style=\"vertical-align: top; padding-top: 10px; padding-bottom: 10px; margin-right: -4px; margin-left: -4px;\">\r\n<div style=\"vertical-align: top; box-sizing: border-box; padding-right: 4px; padding-left: 4px; margin-top: -4px; margin-bottom: -4px;\">\r\n<div id=\"qbarw\" style=\"vertical-align: top; box-sizing: border-box; padding-top: 4px; padding-bottom: 4px;\">\r\n<h3 style=\"padding: 0; font-size: 16px; line-height: 20px; font-weight: bold; color: #333; margin: 0;\">Q5.Can we make customized color?</h3>\r\n</div>\r\n<div id=\"yjkut\" style=\"vertical-align: top; box-sizing: border-box; padding-top: 4px; padding-bottom: 4px;\">\r\n<p style=\"margin: 0; padding: 0;\"><span style=\"color: #000000;\">A5: Yes,we can make any color for cable according to the Pantone Color Number.</span></p>\r\n</div>\r\n</div>\r\n</div>\r\n<div style=\"vertical-align: top; padding-top: 10px; padding-bottom: 10px; margin-right: -4px; margin-left: -4px;\">\r\n<div style=\"vertical-align: top; box-sizing: border-box; padding-right: 4px; padding-left: 4px; margin-top: -4px; margin-bottom: -4px;\">\r\n<div id=\"pdbyr\" style=\"vertical-align: top; box-sizing: border-box; padding-top: 4px; padding-bottom: 4px;\">\r\n<h3 style=\"padding: 0; font-size: 16px; line-height: 20px; font-weight: bold; color: #333; margin: 0;\">Q6. What is the warranty of your products?</h3>\r\n</div>\r\n<div id=\"a6luz\" style=\"vertical-align: top; box-sizing: border-box; padding-top: 4px; padding-bottom: 4px;\">\r\n<p style=\"margin: 0; padding: 0;\"><span style=\"color: #000000;\">A6: We offer the warranty of 12 months for all products.&nbsp;</span></p>\r\n</div>\r\n</div>\r\n</div>\r\n</div>\r\n</div>\r\n</div>\r\n<!-- tangram:4450 begin--> <!-- ICBU detail loader --> <!-- tangram:4448 begin--> <!-- tangram:4448 end--><!-- tangram:4450 end--></div>', '5', NULL, 50, 80, 0, 'cable,charger,plug in,android,lighning,magnet', 4, NULL, NULL, NULL, NULL, NULL, NULL, '2019-08-06 17:25:00', '2019-08-06 11:25:00');
INSERT INTO `products` (`id`, `web_url`, `name`, `brand`, `category_id`, `primary_image`, `other_images`, `description`, `minimum_orders`, `unit`, `start_price`, `end_price`, `is_featured`, `tags`, `views`, `text_one_title`, `text_one_text`, `text_two_title`, `text_two_text`, `text_three_title`, `text_three_text`, `created_at`, `updated_at`) VALUES
(22, 'https://www.alibaba.com/product-detail/BP-M0152-New-arrival-home-use_60505429259.html?spm=a2700.7724838.2017115.88.1d0d3f54kIw5oU', 'BP-M0152 New arrival home use mini ultrasonic galvanic phototherapy machine beauty', NULL, 18, '//sc02.alicdn.com/kf/HTB1869UknCWBKNjSZFtq6yC3FXaS/BP-M0152-New-arrival-home-use-mini.jpg', '[\"\\/\\/sc02.alicdn.com\\/kf\\/HTB1869UknCWBKNjSZFtq6yC3FXaS\\/BP-M0152-New-arrival-home-use-mini.jpg_350x350.jpg\",\"\\/\\/sc02.alicdn.com\\/kf\\/HTB1QT_oCeOSBuNjy0Fdq6zDnVXaY\\/BP-M0152-New-arrival-home-use-mini.jpg_350x350.jpg\",\"\\/\\/sc01.alicdn.com\\/kf\\/HTB1AtC4CeGSBuNjSspbq6AiipXaV\\/BP-M0152-New-arrival-home-use-mini.jpg_350x350.jpg\",\"\\/\\/sc02.alicdn.com\\/kf\\/HTB1bV3ECkSWBuNjSszdq6zeSpXa6\\/BP-M0152-New-arrival-home-use-mini.jpg_350x350.jpg\",\"\\/\\/sc01.alicdn.com\\/kf\\/HTB1uh5tkbZnBKNjSZFKq6AGOVXaR\\/BP-M0152-New-arrival-home-use-mini.jpg_350x350.jpg\"]', '<div class=\"scc-wrapper detail-module module-productSpecification\" data-spm=\"pronpeci14\"><!--false | 60505429259 | -->\r\n<div id=\"J-rich-text-description\" class=\"richtext richtext-detail rich-text-description\">\r\n<p style=\"margin-left: 30px;\"><span style=\"font-size: 24px; font-family: Calibri, \'zapf dingbats\'; background-color: #ffff00;\">BP-M0152 New arrival home use mini portable ultrasonic galvanic phototherapy machine beauty personal care </span></p>\r\n<div id=\"ali-anchor-AliPostDhMb-3a210\" style=\"padding-top: 8px;\" data-section=\"AliPostDhMb-3a210\" data-section-title=\"Ultrasonic Info\">\r\n<div id=\"ali-title-AliPostDhMb-3a210\" style=\"padding: 8px 0; border-bottom: 1px solid #ddd;\"><span style=\"background-color: #ddd; color: #333; font-weight: bold; padding: 8px 10px; line-height: 12px;\">Ultrasonic Info</span></div>\r\n<div style=\"padding: 10px 0;\">\r\n<h1><span style=\"font-family: Calibri, \'zapf dingbats\';\">What Is Ultrasonic Facial Treatment?</span></h1>\r\n<p align=\"left\"><span style=\"font-size: 13pt; color: #666666; font-family: Calibri, \'zapf dingbats\';\">During an ultrasonic facial, high level sound wave technology is used to penetrate deep below the surface of the skin promoting cellular renewal and repair, toning muscles, increasing blood circulation, encouraging lymphatic drainage, combating puffiness and swelling and improving skin care product penetration. Ultrasound may be used on most parts of the body, including the face, neck, arms, breasts, stomach, waist, hips, buttocks, and legs and can now be used in the comfort of your own home.</span></p>\r\n<h1><span style=\"font-family: Calibri, \'zapf dingbats\';\">How Does It Work?</span></h1>\r\n<p align=\"left\"><span style=\"font-size: 13pt; color: #666666; font-family: Calibri, \'zapf dingbats\';\">The application of ultrasonic frequency is commonly used by salon professionals to increase cellular turnover, plump up and smooth out fine lines and wrinkles, tighten sagging skin, relieve puffy eyes, reduce the appearance of cellulite, improve acne, tighten enlarged pores, fade dark eye circles, freckles and old age spots and even repair scar damage. The process is safe, painless and gentle and is can even be used by sensitive skin types such as those with Rosacea.</span></p>\r\n<p align=\"left\"><span style=\"font-size: 13pt; color: #666666; font-family: Calibri, \'zapf dingbats\';\">The sound waves produced by the ultrasound facial machine resonate well above our hearing level and move too quickly for our nerve endings to register. The intensive rejuvenating cyclic sound waves penetrate below the skin reaching the dermis and will not cause the user any discomfort or unusual side effects.</span></p>\r\n<table class=\"aliDataTable\" style=\"width: 609px;\" border=\"1\" cellspacing=\"0\" cellpadding=\"0\">\r\n<tbody>\r\n<tr style=\"height: 13.55pt;\" align=\"center\">\r\n<td style=\"background-color: #f8f8f8;\" valign=\"top\">\r\n<p><span style=\"font-family: Calibri, \'zapf dingbats\';\"><strong><span style=\"font-size: 12pt;\">Treatment Frequency</span></strong></span></p>\r\n</td>\r\n<td style=\"background-color: #f8f8f8;\" valign=\"top\">\r\n<p><span style=\"font-family: Calibri, \'zapf dingbats\';\"><strong><span style=\"font-size: 12pt;\">Treatment Area</span></strong></span></p>\r\n</td>\r\n</tr>\r\n<tr style=\"height: 13.55pt;\" align=\"center\">\r\n<td valign=\"top\">\r\n<p><span style=\"font-size: 12pt; font-family: Calibri, \'zapf dingbats\';\">1 MHz</span></p>\r\n</td>\r\n<td valign=\"top\">\r\n<p><span style=\"font-size: 12pt; font-family: Calibri, \'zapf dingbats\';\">Body Area</span></p>\r\n</td>\r\n</tr>\r\n<tr style=\"height: 13.55pt;\" align=\"center\">\r\n<td style=\"background-color: #f8f8f8;\" valign=\"top\">\r\n<p><span style=\"font-size: 12pt; font-family: Calibri, \'zapf dingbats\';\">3 MHz</span></p>\r\n</td>\r\n<td style=\"background-color: #f8f8f8;\" valign=\"top\">\r\n<p><span style=\"font-size: 12pt; font-family: Calibri, \'zapf dingbats\';\">Facial Area (Cheeks, Forehead, Chin)</span></p>\r\n</td>\r\n</tr>\r\n<tr style=\"height: 13.55pt;\" align=\"center\">\r\n<td valign=\"top\">\r\n<p><span style=\"font-size: 12pt; font-family: Calibri, \'zapf dingbats\';\">5 MHz</span></p>\r\n</td>\r\n<td valign=\"top\">\r\n<p><span style=\"font-size: 12pt; font-family: Calibri, \'zapf dingbats\';\">Delicate Eye Area</span></p>\r\n</td>\r\n</tr>\r\n</tbody>\r\n</table>\r\n<p align=\"left\"><span style=\"font-size: 13pt; color: #666666; font-family: Calibri, \'zapf dingbats\';\">In order to optimize the penetration of the cyclical sound waves produced by the ultrasonic facial massager, <span style=\"text-decoration: underline;\">a conductive gel </span>must be used. Besides encouraging improved conductivity, the gel also penetrates deep into the skin. As such, many estheticians use quality optimized gels that contain<span style=\"text-decoration: underline;\">skin-firming ingredients.</span></span></p>\r\n<p align=\"left\"><span style=\"font-size: 13pt; color: #666666; font-family: Calibri, \'zapf dingbats\';\">When ultrasound enters the body it reacts in various ways. It is absorbed by muscle, tendons and bone. Harder surfaces like bone will absorb and reflect ultrasound energy. All of these play a role in the eventual total temperature rise in the surrounding tissue. This in turn dramatically increases needed oxygen to the cells and aids in the removal of waste products. This antibacterial cleansing action also helps prevent the onset of acne and blemishes and the skin is left feeling instantly energized, rosy, firm, refreshed and noticeably softer - even after just one application!</span></p>\r\n<p align=\"left\"><span style=\"font-family: Calibri, \'zapf dingbats\';\"><span style=\"font-size: 13pt; color: #666666;\">Once only found in salons, spas, medical offices, ultrasonic facial technology is now within the reach of the home consumer in the form of handheld&nbsp;</span><span style=\"font-size: 13pt; color: #0098cc;\">ultrasonic skin care devices</span><span style=\"font-size: 13pt; color: #666666;\">. When used according to their recommended treatment guidelines, these high-tech tools are equally effective in addressing a range of skin care concerns from acne to wrinkles and may be used to replace or supplement spa visits, or in conjunction with post-procedure regimens to enhance and prolong results.</span></span></p>\r\n<h1><span style=\"font-family: Calibri, \'zapf dingbats\';\">What Type of Conductive Gel Should I Use During Treatment?</span></h1>\r\n<p align=\"left\"><span style=\"font-size: 13pt; color: #666666; font-family: Calibri, \'zapf dingbats\';\">It is critical that a water soluble gel be used during treatment because it has been found to be the best conductor of ultrasonic sound waves. Plain water, oil or any oil-based creams or lotions do not contain conductive ionic properties and are not compatible during ultrasonic skin care treatment. Damage may occur to your ultrasonic treatment head if applied to the skin without using the correct conductive medium, or any conductive medium at all.</span></p>\r\n<p align=\"left\"><span style=\"font-size: 13pt; color: #666666; font-family: Calibri, \'zapf dingbats\';\">Beperfect Beauty Team have tested many different types of conductive gels designed for use during the consmetic ultrasonic facial and found that they were either too stringy or clumpy, dried up much too quickly and became sticky, or caused undesirable drag and friction on the skin. To address these multiple issues,. <span style=\"text-decoration: underline;\">We suggest the gel which is organic, water-soluble, 100% paraban-free and contains beneficial ingredients that improve overall skin tone, rehydrate, restore elasticity, and improve the appearance of fine lines and wrinkles.( BP-M0152 New arrival home use mini portable ultrasonic galvanic phototherapy machine beauty personal care )</span></span></p>\r\n<h1><span style=\"font-family: Calibri, \'zapf dingbats\';\">What Are The Benefits Of Ultrasonic Facial Treatment?( BP-M0152 New arrival home use mini portable ultrasonic galvanic phototherapy machine beauty personal care &nbsp;)</span></h1>\r\n<p align=\"left\"><span style=\"font-size: 13pt; color: #666666; font-family: Calibri, \'zapf dingbats\';\">Ultrasonic facials offer a safe and gentle alternative to dramatic plastic surgery procedures, laser resurfacing, chemical peels, Collagen and Botox injections and other invasive skin rejuvenation treatments.</span></p>\r\n<p align=\"left\"><span style=\"font-size: 13pt; color: #666666; font-family: Calibri, \'zapf dingbats\';\">Results can vary by individual and skin type, are gradual, and will not just occur over night. Although Ultrasonic treatment has been shown to produce an immediate and temporary firming effect, continued daily application will provide more cumulative long-term, lasting results.</span></p>\r\n<ul>\r\n<li><span style=\"font-size: 13pt; color: #666666; font-family: Calibri, \'zapf dingbats\';\">Stimulates Blood Circulation</span></li>\r\n<li><span style=\"font-size: 13pt; color: #666666; font-family: Calibri, \'zapf dingbats\';\">Aids in Lymphatic Drainage</span></li>\r\n<li><span style=\"font-size: 13pt; color: #666666; font-family: Calibri, \'zapf dingbats\';\">Gently Exfoliates Away Dead Skin Cells</span></li>\r\n<li><span style=\"font-size: 13pt; color: #666666; font-family: Calibri, \'zapf dingbats\';\">Increases Cell Metabolism</span></li>\r\n<li><span style=\"font-size: 13pt; color: #666666; font-family: Calibri, \'zapf dingbats\';\">Cleanses Away Toxins</span></li>\r\n<li><span style=\"font-size: 13pt; color: #666666; font-family: Calibri, \'zapf dingbats\';\">Enhances Skin Care Product Performance</span></li>\r\n<li><span style=\"font-size: 13pt; color: #666666; font-family: Calibri, \'zapf dingbats\';\">Tightens and Tones Neck, Body and Facial Skin</span></li>\r\n<li><span style=\"font-size: 13pt; color: #666666; font-family: Calibri, \'zapf dingbats\';\">Diminishes Wrinkles and Fine Lines</span></li>\r\n<li><span style=\"font-size: 13pt; color: #666666; font-family: Calibri, \'zapf dingbats\';\">Reduces The Appearance of Congested, Puffy Eyes</span></li>\r\n<li><span style=\"font-size: 13pt; color: #666666; font-family: Calibri, \'zapf dingbats\';\">Refines Large Pores</span></li>\r\n<li><span style=\"font-size: 13pt; color: #666666; font-family: Calibri, \'zapf dingbats\';\">Improves Upon Skin Texture and Tone</span></li>\r\n<li><span style=\"font-size: 13pt; color: #666666; font-family: Calibri, \'zapf dingbats\';\">Clarifies Acne and Blemishes</span></li>\r\n<li><span style=\"font-size: 13pt; color: #666666; font-family: Calibri, \'zapf dingbats\';\">Lightens Dark Under Eye Circles</span></li>\r\n<li><span style=\"font-size: 13pt; color: #666666; font-family: Calibri, \'zapf dingbats\';\">Reduces The Appearance of Cellulite and Fat Deposits</span></li>\r\n<li><span style=\"font-size: 13pt; color: #666666; font-family: Calibri, \'zapf dingbats\';\">Fades Scars, Freckles, Age Spots and Redness</span></li>\r\n</ul>\r\n<h1><span style=\"font-family: Calibri, \'zapf dingbats\'; font-size: 24px;\">Are Ultrasonic Facials Safe?</span></h1>\r\n<p align=\"left\"><span style=\"font-size: 18px; color: #666666; font-family: Calibri, \'zapf dingbats\';\">The ultrasonic facial is considered a safe, easy and gentle skin rejuvenation treatment however the following precautions should be taken:</span></p>\r\n<ul>\r\n<li><span style=\"font-size: 18px; color: #666666; font-family: Calibri, \'zapf dingbats\';\">Do not use internally and avoid using near center of the throat to avoid thyroid stimulation( BP-M0152 New arrival home use mini portable ultrasound cavitation face beauty machine&nbsp; )</span></li>\r\n<li><span style=\"font-size: 18px; color: #666666; font-family: Calibri, \'zapf dingbats\';\">Do not use on open sores, wounds or infected areas</span></li>\r\n<li><span style=\"font-size: 18px; color: #666666; font-family: Calibri, \'zapf dingbats\';\">Never use internally (i.e. in mouth, nose, etc.)</span></li>\r\n<li><span style=\"font-size: 18px; color: #666666; font-family: Calibri, \'zapf dingbats\';\">Do not use if pregnant, have a pacemaker, heart disease history or other medical condition</span><span style=\"background-color: #ffffff;\">&nbsp;</span></li>\r\n</ul>\r\n</div>\r\n</div>\r\n<div id=\"ali-anchor-AliPostDhMb-dgqkz\" style=\"padding-top: 8px;\" data-section=\"AliPostDhMb-dgqkz\" data-section-title=\"Galvanic Info\">\r\n<div id=\"ali-title-AliPostDhMb-dgqkz\" style=\"padding: 8px 0; border-bottom: 1px solid #ddd;\"><span style=\"background-color: #ddd; color: #333; font-weight: bold; padding: 8px 10px; line-height: 12px;\">Galvanic Info</span></div>\r\n<div style=\"padding: 10px 0;\">\r\n<h1><span style=\"font-family: Calibri, \'zapf dingbats\';\">How can&nbsp; Galvanic <span style=\"font-size: 24px;\">Facial</span> Machine Help Y<span style=\"font-size: 24px;\">our Ski</span>n?</span></h1>\r\n<p align=\"left\"><span style=\"font-family: Calibri, \'zapf dingbats\'; font-size: 18px;\"><strong><span style=\"color: #606060;\">Reducing Fine Lines &amp; Wrinkles?</span></strong></span></p>\r\n<p align=\"left\"><span style=\"font-size: 18px; color: #404040; font-family: Calibri, \'zapf dingbats\';\">Cosmetics nourishment should permeate into the skin to have a revitalizing effect, however most of the nourishment cannot be absorbed by your skin due to the different skin layers.</span></p>\r\n<p align=\"left\"><span style=\"font-size: 12pt; color: #404040; font-family: Calibri, \'zapf dingbats\';\"><span style=\"font-size: 18px;\">Fortunately, the galvanic facial massager helps to permeate cosmetic ingredients (ingredients of an anti wrinkle lotion) into the skin by using galvanic ion.</span><br /><br /></span></p>\r\n<p align=\"left\"><span style=\"font-family: Calibri, \'zapf dingbats\'; font-size: 18px;\"><strong><span style=\"color: #606060;\">Could this Reduce &ldquo;sagging eyes&rdquo; or &ldquo;black eye rim&rdquo;?</span></strong></span></p>\r\n<p align=\"left\"><span style=\"font-size: 18px; color: #404040; font-family: Calibri, \'zapf dingbats\';\">Galvanic facial massager accelerates blood and lymph circulation and carry excessive fluid away. The excessive cellulite can be dissolved. Thus, sagging eyes and black eye-rim could be reduced with this machine</span></p>\r\n<h1><span style=\"font-family: Calibri, \'zapf dingbats\';\">How does Galvanic Facial Therapy Works?</span></h1>\r\n<p align=\"left\"><span style=\"font-size: 18px; color: #404040; font-family: Calibri, \'zapf dingbats\';\">You have to gently rub or press the galvanic machine over your face so it gives a steady, direct galvanic current of positive and negative ions through your skin.</span></p>\r\n<p align=\"left\"><span style=\"font-size: 18px; color: #404040; font-family: Calibri, \'zapf dingbats\';\">Galvanic facial is based on the basic laws of electricity, &ldquo;like repels, opposites attract. The two forces ( + positive and &ndash; negative) pull together like a magnet and push the product in to the deeper layers of the skin (the dermis).</span></p>\r\n<p align=\"left\"><span style=\"font-size: 18px; color: #404040; font-family: Calibri, \'zapf dingbats\';\">The capacity of your skin absorption is increased by the galvanic ion and this improves the penetration of nutrition products (anti wrinkle lotion) through your skin.</span></p>\r\n<p align=\"left\"><span style=\"font-family: Calibri, \'zapf dingbats\';\"><span style=\"font-size: 18px;\"><span style=\"color: #404040;\">In addition, skin will be completely cleansed as<span style=\"text-decoration: underline;\"> negative ions force all the dirt and debris held within your pores to the surface</span>. At the same time the&nbsp;</span><strong><span style=\"text-decoration: underline;\"><span style=\"color: #404040;\">positive ions gives you a fresh look and plumps the skin, banishing wrinkles</span></span></strong></span></span></p>\r\n<h1><span style=\"font-family: Calibri, \'zapf dingbats\';\">Galvanic Facial at Home: &nbsp;Warnings</span></h1>\r\n<ul>\r\n<li><span style=\"font-family: Calibri, \'zapf dingbats\'; font-size: 18px;\"><span style=\"color: #505050;\">Follow the normal structure of your bones while using the machine.</span></span></li>\r\n<li><span style=\"font-family: Calibri, \'zapf dingbats\'; font-size: 18px;\"><span style=\"color: #505050;\">The area around the eyes should be avoided.( BP-M0152 New arrival home use mini portable ultrasound cavitation face beauty machine&nbsp; )</span></span></li>\r\n<li><span style=\"font-family: Calibri, \'zapf dingbats\'; font-size: 18px;\"><span style=\"color: #505050;\">Be careful not to pull your skin while using the machine.</span></span></li>\r\n</ul>\r\n<h1><span style=\"font-family: Calibri, \'zapf dingbats\';\"><strong>How To Do Galvanic Facial at Home?</strong></span></h1>\r\n<p align=\"left\"><span style=\"font-size: 18px; color: #505050; font-family: Calibri, \'zapf dingbats\';\">Galvanic facial is best done under expert care. Ask for it at your favorite spa or beauty salon and you are surely going to benefit. However, if you are interested in getting galvanic facial done at home, you need to invest in <span style=\"text-decoration: underline;\">a good quality facial cleanser</span>, <span style=\"text-decoration: underline;\">&nbsp;a moisturizer suitable for your skin type, </span>&nbsp;<span style=\"text-decoration: underline;\">&nbsp;galvanic gel meant for your skin problem</span>and <span style=\"text-decoration: underline;\">a galvanic facial machine</span>. Now, follow the given steps:</span></p>\r\n<ul>\r\n<li><span style=\"font-family: Calibri, \'zapf dingbats\'; font-size: 18px;\"><span style=\"font-style: normal; font-weight: normal; line-height: normal; color: #505050;\">&sect;<span style=\"font-style: normal; font-weight: normal; line-height: normal;\">&nbsp; </span></span><span style=\"text-decoration: underline;\"><span style=\"color: #505050;\">Cleanse your face and pat it dry</span></span><span style=\"color: #505050;\">.</span></span></li>\r\n<li><span style=\"font-family: Calibri, \'zapf dingbats\'; font-size: 18px;\"><span style=\"font-style: normal; font-weight: normal; line-height: normal; color: #505050;\">&sect;<span style=\"font-style: normal; font-weight: normal; line-height: normal;\">&nbsp; </span></span><span style=\"text-decoration: underline;\"><span style=\"color: #505050;\">Cover your skin with a thick layer of galvanic gel.</span></span></span></li>\r\n<li><span style=\"font-family: Calibri, \'zapf dingbats\'; font-size: 18px;\"><span style=\"font-style: normal; font-weight: normal; line-height: normal; color: #505050;\">&sect;<span style=\"font-style: normal; font-weight: normal; line-height: normal;\">&nbsp; </span></span><span style=\"text-decoration: underline;\"><span style=\"color: #505050;\">Now, the electronic instrument is to be placed on your face. Turn it on.</span></span></span></li>\r\n<li><span style=\"font-family: Calibri, \'zapf dingbats\'; font-size: 18px;\"><span style=\"font-style: normal; font-weight: normal; line-height: normal; color: #505050;\">&sect;<span style=\"font-style: normal; font-weight: normal; line-height: normal;\">&nbsp; </span></span><span style=\"color: #505050;\">Glide the instrument gently over the face following circular motions. Start with your forehead and keep continuing to your cheeks, then the nose and then your chin.</span></span></li>\r\n<li><span style=\"font-family: Calibri, \'zapf dingbats\'; font-size: 18px;\"><span style=\"font-style: normal; font-weight: normal; line-height: normal; color: #505050;\">&sect;<span style=\"font-style: normal; font-weight: normal; line-height: normal;\">&nbsp; </span></span><span style=\"color: #505050;\">Now, the excess gel needs to be wiped out with a wet towel.</span></span></li>\r\n<li><span style=\"font-family: Calibri, \'zapf dingbats\'; font-size: 18px;\"><span style=\"font-style: normal; font-weight: normal; line-height: normal; color: #505050;\">&sect;<span style=\"font-style: normal; font-weight: normal; line-height: normal;\">&nbsp; </span></span><span style=\"text-decoration: underline;\"><span style=\"color: #505050;\">Follow up with the moisturizer</span></span><span style=\"color: #505050;\">.( BP-0153 New arrival home use rechargeable facial ultrasonic machine )</span></span></li>\r\n</ul>\r\n</div>\r\n</div>\r\n<p>&nbsp;</p>\r\n<div id=\"ali-anchor-AliPostDhMb-tfu3p\" style=\"padding-top: 8px;\" data-section=\"AliPostDhMb-tfu3p\" data-section-title=\"Led Therapy\">\r\n<div id=\"ali-title-AliPostDhMb-tfu3p\" style=\"padding: 8px 0; border-bottom: 1px solid #ddd;\"><span style=\"background-color: #ddd; color: #333; font-weight: bold; padding: 8px 10px; line-height: 12px;\">Led Therapy</span></div>\r\n<div style=\"padding: 10px 0;\">\r\n<p align=\"left\"><span style=\"font-size: 18px; color: #555555; font-family: Calibri, \'zapf dingbats\';\">Red light easily penetrates the skin, boosts circulation and brings more blood&nbsp;and nutrients to the area. It also stimulates vital collagen and elastin&nbsp;production. Collagen helps plump the skin, while elastin firms the skin.</span></p>\r\n<p align=\"left\"><span style=\"font-size: 18px; color: #555555; font-family: Calibri, \'zapf dingbats\';\">The red light is&nbsp;energizing and repairing damaged cells, stimulating collagen&nbsp;and elastin and giving the skin back&nbsp;its youthful look.&nbsp;Developed by NASA&nbsp;to heal wounds, red light therapy was found to promote&nbsp;and speed up skin regeneration.</span></p>\r\n<p align=\"left\"><span style=\"font-size: 18px; color: #555555; font-family: Calibri, \'zapf dingbats\';\">&nbsp;</span></p>\r\n<p align=\"left\"><span style=\"font-size: 18px; color: #555555; font-family: Calibri, \'zapf dingbats\';\">Cells in the skin absorb wavelengths between 590 and 950 nanometers. Our cells convert this light energy into &ldquo;fuel&rdquo; that is used to increase cellular metabolism. Research by the National Aeronautics and Space Administration (NASA) has shown that light therapy increases cellular growth up to 200%.</span></p>\r\n<p align=\"left\"><span style=\"font-size: 18px; color: #555555; font-family: Calibri, \'zapf dingbats\';\">While the NASA study focused on healing injuries, the effect of light therapy on skin is exactly the same. The increased cellular activity stimulates formation of new collagen and elastin &mdash; the building blocks of healthy skin.&nbsp;This is what makes <span style=\"text-decoration: underline;\">red light therapy so effective in removing scars and&nbsp;general skin rejuvenating.</span></span><span style=\"line-height: 24px; font-family: Calibri, \'zapf dingbats\'; font-size: 12pt;\">&nbsp;</span></p>\r\n<h1><span style=\"font-family: Calibri, \'zapf dingbats\';\">Different Wavelengths, Different Solutions</span></h1>\r\n<h2><span style=\"font-family: Calibri, \'zapf dingbats\'; font-size: 18px;\">Red Light Therapy:</span></h2>\r\n<p align=\"left\"><span style=\"font-size: 18px; color: #555555; font-family: Calibri, \'zapf dingbats\';\">Visible red light is capable of penetrating the skin to a depth of about 8 to 10 mm. Once absorbed, the light energy is converted to cellular energy, stimulating the body&rsquo;s natural processes on a cellular level:</span></p>\r\n<ul>\r\n<li><span style=\"font-size: 18px; color: #555555; font-family: Calibri, \'zapf dingbats\';\">Increased circulation and the formation of new capillaries.&nbsp;</span></li>\r\n<li><span style=\"font-size: 18px; color: #555555; font-family: Calibri, \'zapf dingbats\';\">Increased lymph system activity.</span></li>\r\n<li><span style=\"font-size: 18px; color: #555555; font-family: Calibri, \'zapf dingbats\';\">Increased production of collagen and fibroblasts.&nbsp;</span></li>\r\n<li><span style=\"font-size: 18px; color: #555555; font-family: Calibri, \'zapf dingbats\';\">Increased release of ATP, or raw cellular energy.&nbsp;</span></li>\r\n<li><span style=\"font-size: 18px; color: #555555; font-family: Calibri, \'zapf dingbats\';\">Increased phagocytosis, or cellular clean up.</span></li>\r\n<li><span style=\"font-size: 18px; color: #555555; font-family: Calibri, \'zapf dingbats\';\">Tissue granulation stimulated.</span></li>\r\n<li><span style=\"font-size: 18px; color: #555555; font-family: Calibri, \'zapf dingbats\';\">Inflammation reduced.&nbsp;</span></li>\r\n</ul>\r\n<p align=\"left\"><span style=\"font-family: Calibri, \'zapf dingbats\'; font-size: 18px;\"><span style=\"text-decoration: underline;\"><span style=\"color: #555555;\">All of these things work together to produce many benefits for you in the areas of anti-aging </span></span><span style=\"color: #555555;\">,&nbsp; the healing of wounds and injuries, and the relief of pain, as we&rsquo;ll see below. But no matter what the application, red and infrared light therapy share the same benefits overall.</span></span></p>\r\n<h2><span style=\"font-family: Calibri, \'zapf dingbats\'; font-size: 18px;\">Blue Light Therapy</span></h2>\r\n<p align=\"left\"><span style=\"font-size: 18px; color: #555555; font-family: Calibri, \'zapf dingbats\';\">Blue light is right next to UV light on the electromagnetic spectrum, and science has found that it retains some of the antibacterial properties of UV light, but without the risks associated with UV overexposure.<span style=\"text-decoration: underline;\"> Blue light was found to kill&nbsp;<strong>acne bacte</strong></span><strong>ria</strong>, and was FDA approved for that purpose around 2002.</span></p>\r\n<h2><span style=\"font-family: Calibri, \'zapf dingbats\'; font-size: 18px;\">Green Light Therapy:</span></h2>\r\n<p align=\"left\"><span style=\"font-size: 18px; color: #555555; font-family: Calibri, \'zapf dingbats\';\">Green light therapy typically falls in the wavelength range of 515 nm to 520 nm and is most frequently used for skin treatments and anti-aging therapies, such as an LED photofacial.</span></p>\r\n<p align=\"left\"><span style=\"font-size: 18px; color: #555555; font-family: Calibri, \'zapf dingbats\';\">The rejuvenating benefits of green light therapy can help to improve pigmentation issues that have come from causes such as sun damage. This treatment can help to fade the appearance of freckles, as well as age spots, sun spots, reddish and brown patches, and liver spots. Other forms of hyper pigmentation and melanin problems that are caused by age can also be lightened through the use of light in these wavelengths.</span></p>\r\n<p align=\"left\"><span style=\"font-size: 18px; color: #555555; font-family: Calibri, \'zapf dingbats\';\">Green light affects the melanocytes (the cells that produce the melanin, which is the pigmentation in the bottom layer of the epidermis), reducing its production. Over time, spots simply fade away for a younger looking, rejuvenated, and more even complexion.</span></p>\r\n<h1><span style=\"font-family: Calibri, \'zapf dingbats\';\">How Often Do I Use It?</span></h1>\r\n<h2><span style=\"font-family: Calibri, \'zapf dingbats\'; font-size: 18px;\">Red light(For anti-aging,scar removel)</span></h2>\r\n<ul>\r\n<li><span style=\"font-size: 18px; color: #666666; font-family: Calibri, \'zapf dingbats\';\">&nbsp;3 minutes per area for 15-20 minutes</span></li>\r\n<li><span style=\"font-size: 18px; color: #666666; font-family: Calibri, \'zapf dingbats\';\">once per day</span></li>\r\n</ul>\r\n<div>\r\n<h2><span style=\"line-height: 26.666667938232422px; font-family: Calibri, \'zapf dingbats\'; font-size: 18px;\">Blue light (For Acne)</span></h2>\r\n</div>\r\n<ul>\r\n<li><span style=\"font-size: 18px; color: #666666; font-family: Calibri, \'zapf dingbats\';\">3 minutes per each affected area</span></li>\r\n<li><span style=\"font-size: 18px; color: #666666; font-family: Calibri, \'zapf dingbats\';\">2x per day until acne has cleared</span></li>\r\n</ul>\r\n<div>\r\n<h2><span style=\"font-family: Calibri, \'zapf dingbats\'; font-size: 18px;\"><span style=\"line-height: 26.666667938232422px;\">Green and Yellow</span><span style=\"line-height: 26.666667938232422px;\">(for skin whitning)</span></span></h2>\r\n</div>\r\n<ul>\r\n<li><span style=\"font-size: 18px; color: #666666; font-family: Calibri, \'zapf dingbats\';\">21 minutes per day</span></li>\r\n<li><span style=\"font-size: 18px; color: #666666; font-family: Calibri, \'zapf dingbats\';\">5 times/week for first 90 days, then 2-3 times/week to maintain results</span></li>\r\n</ul>\r\n</div>\r\n</div>\r\n<div id=\"ali-anchor-AliPostDhMb-21bxq\" style=\"padding-top: 8px;\" data-section=\"AliPostDhMb-21bxq\" data-section-title=\"Micro vibration\">\r\n<div id=\"ali-title-AliPostDhMb-21bxq\" style=\"padding: 8px 0; border-bottom: 1px solid #ddd;\"><span style=\"background-color: #ddd; color: #333; font-weight: bold; padding: 8px 10px; line-height: 12px;\">Micro vibration</span></div>\r\n<div style=\"padding: 10px 0;\">\r\n<h1><span style=\"font-family: Calibri, \'zapf dingbats\'; font-size: 24px;\">What is micro vibration therapy</span></h1>\r\n<p align=\"left\"><span style=\"font-style: normal; font-weight: normal; font-size: 18px; line-height: normal; font-family: Calibri, \'zapf dingbats\'; color: #686868;\">With so many skin treatment options on the market, how do you choose which one is right for you? Addressing your skincare goals is one place to start. Then, choosing the best solution based on your skin type and lifestyle are the next steps. Your time is valuable. With so little time to find the right product, you don&rsquo;t want to go through dozens of moisturizers and applications before finding something that works. Micro Vibration Therapy has dozens of benefits. Regardless of what your skin concern is, it will improve your skin&rsquo;s elasticity and increase cell regeneration.</span></p>\r\n<h1><span style=\"font-family: Calibri, \'zapf dingbats\'; font-size: 24px;\">How Micro Vibration Therapy Works</span></h1>\r\n<p align=\"left\"><span style=\"font-style: normal; font-weight: normal; font-size: 18px; line-height: normal; font-family: Calibri, \'zapf dingbats\'; color: #686868;\">If you have poor circulation, or experience fine lines and wrinkles ,then Micro Vibration Therapy may be the solution for you. Micro Vibration therapy works by deeply massaging each layer of your skin with rapid vibrations that <span style=\"text-decoration: underline;\">promote lymphatic drainage</span>. It also increases the<span style=\"text-decoration: underline;\"> regeneration of skin cells leading to younger</span>, healthier looking skin. The increase in microcirculation, cell regeneration and <span style=\"text-decoration: underline;\">increased skin metabolism</span> are the benefits of micro vibration therapy.</span></p>\r\n<h1><span style=\"font-family: Calibri, \'zapf dingbats\'; font-size: 24px;\">The Benefits of Micro Vibration Therapy</span></h1>\r\n<p align=\"left\"><span style=\"font-family: Calibri, \'zapf dingbats\'; font-size: 18px;\"><span style=\"text-decoration: underline;\"><span style=\"font-style: normal; font-weight: normal; line-height: normal; color: #686868;\">Micro Vibration therapy gently stimulates your facial muscles</span></span><span style=\"font-style: normal; font-weight: normal; line-height: normal; color: #686868;\">, and in turn turns on the collagen and elastin production. These are the ingredients your skin needs to make healthy, young looking skin. Through extended use micro vibration therapy firms the skin, contributing to your skin&rsquo;s ability to reduce the signs of aging. If wrinkles around the eyes, forehead, lips and neck are cause for your concern, well you&rsquo;re in luck, because they are especially benefited from this treatment. <span style=\"text-decoration: underline;\">Micro Vibration Therapy also helps treat acne</span>.</span></span></p>\r\n<p align=\"left\"><span style=\"font-family: Calibri, \'zapf dingbats\'; font-size: 18px;\"><span style=\"text-decoration: underline;\"><span style=\"font-style: normal; font-weight: normal; line-height: normal; color: #686868;\">For best results, micro vibration therapy should be used daily. Make it a part of your daily beauty regime,</span></span><span style=\"font-style: normal; font-weight: normal; line-height: normal; color: #686868;\"> and it will show! Micro Vibration therapy allows your skin to initiate it&rsquo;s natural repair mechanism, something that isn&rsquo;t always possible with a busy lifestyle. There are many benefits for those who choose to use this type of therapy; it is non invasive and safe for a variety of skin types &ndash; especially those with rosacea or sensitive skin.</span></span></p>\r\n<p align=\"left\"><span style=\"font-style: normal; font-weight: normal; font-size: 18px; line-height: normal; font-family: Calibri, \'zapf dingbats\'; color: #686868;\">Depending on the Micro Vibration Therapy tool that you use,<span style=\"text-decoration: underline;\"> it is gentle enough to use on your entire face. The area around the eyes, lips and nose are especially prone to fine lines and wrinkles</span>. <span style=\"text-decoration: underline;\">After all, this is where you speak, laugh, cry &ndash; it&rsquo;s how you express yourself! Keep fine lines at bay by using micro vibration therapy.</span></span></p>\r\n<p align=\"left\">&nbsp;</p>\r\n</div>\r\n</div>\r\n<p><span style=\"font-size: 16px;\"><img src=\"//sc01.alicdn.com/kf/HTB178xULXXXXXXZXXXXq6xXFXXXs/201756411/HTB178xULXXXXXXZXXXXq6xXFXXXs.jpg\" data-src=\"//sc01.alicdn.com/kf/HTB178xULXXXXXXZXXXXq6xXFXXXs/201756411/HTB178xULXXXXXXZXXXXq6xXFXXXs.jpg\" data-alt=\"BP-M0152 New arrival home use mini portable ultrasonic galvanic phototherapy machine beauty personal care\" data-width=\"600\" /><noscript><img src=\"//u.alicdn.com/js/5v/esite/img/img-placeholder.png\" alt=\"BP-M0152 New arrival home use mini portable ultrasonic galvanic phototherapy machine beauty personal care\" width=\"600\" ori-width=\"1000\" ori-height=\"1000\"></noscript><img src=\"//sc02.alicdn.com/kf/HTB1fkRrLXXXXXalaXXXq6xXFXXXB/201756411/HTB1fkRrLXXXXXalaXXXq6xXFXXXB.jpg\" data-src=\"//sc02.alicdn.com/kf/HTB1fkRrLXXXXXalaXXXq6xXFXXXB/201756411/HTB1fkRrLXXXXXalaXXXq6xXFXXXB.jpg\" data-alt=\"BP-M0152 New arrival home use mini portable ultrasonic galvanic phototherapy machine beauty personal care\" data-width=\"600\" /><noscript><img src=\"//u.alicdn.com/js/5v/esite/img/img-placeholder.png\" alt=\"BP-M0152 New arrival home use mini portable ultrasonic galvanic phototherapy machine beauty personal care\" width=\"600\" ori-width=\"790\" ori-height=\"800\"></noscript><img src=\"//sc02.alicdn.com/kf/HTB1s7XpLXXXXXXGapXXq6xXFXXXK/201756411/HTB1s7XpLXXXXXXGapXXq6xXFXXXK.jpg\" data-src=\"//sc02.alicdn.com/kf/HTB1s7XpLXXXXXXGapXXq6xXFXXXK/201756411/HTB1s7XpLXXXXXXGapXXq6xXFXXXK.jpg\" data-alt=\"BP-M0152 New arrival home use mini portable ultrasonic galvanic phototherapy machine beauty personal care\" /><noscript><img src=\"//u.alicdn.com/js/5v/esite/img/img-placeholder.png\" alt=\"BP-M0152 New arrival home use mini portable ultrasonic galvanic phototherapy machine beauty personal care\" ori-width=\"600\" ori-height=\"431\"></noscript><img src=\"//sc01.alicdn.com/kf/HTB1MgVPLXXXXXc3XXXXq6xXFXXXC/201756411/HTB1MgVPLXXXXXc3XXXXq6xXFXXXC.jpg\" data-src=\"//sc01.alicdn.com/kf/HTB1MgVPLXXXXXc3XXXXq6xXFXXXC/201756411/HTB1MgVPLXXXXXc3XXXXq6xXFXXXC.jpg\" data-alt=\"BP-M0152 New arrival home use mini portable ultrasonic galvanic phototherapy machine beauty personal care\" data-width=\"600\" /><noscript><img src=\"//u.alicdn.com/js/5v/esite/img/img-placeholder.png\" alt=\"BP-M0152 New arrival home use mini portable ultrasonic galvanic phototherapy machine beauty personal care\" width=\"600\" ori-width=\"790\" ori-height=\"596\"></noscript><img src=\"//sc02.alicdn.com/kf/HTB1MufnGpXXXXX3XFXXq6xXFXXXy/201756411/HTB1MufnGpXXXXX3XFXXq6xXFXXXy.jpg\" data-src=\"//sc02.alicdn.com/kf/HTB1MufnGpXXXXX3XFXXq6xXFXXXy/201756411/HTB1MufnGpXXXXX3XFXXq6xXFXXXy.jpg\" data-alt=\"BP-M0152 New arrival home use mini portable ultrasonic galvanic phototherapy machine beauty personal care\" data-width=\"600\" data-height=\"600\" /><noscript><img src=\"//u.alicdn.com/js/5v/esite/img/img-placeholder.png\" alt=\"BP-M0152 New arrival home use mini portable ultrasonic galvanic phototherapy machine beauty personal care\" width=\"600\" height=\"600\" ori-width=\"600\" ori-height=\"600\"></noscript></span></p>\r\n<div id=\"ali-anchor-AliPostDhMb-daqvl\" style=\"padding-top: 8px;\" data-section=\"AliPostDhMb-daqvl\" data-section-title=\"Features\">\r\n<div id=\"ali-title-AliPostDhMb-daqvl\" style=\"padding: 8px 0; border-bottom: 1px solid #ddd;\"><span style=\"background-color: #ddd; color: #333; font-weight: bold; padding: 8px 10px; line-height: 12px;\">Features</span></div>\r\n<div style=\"padding: 10px 0;\">\r\n<p>&nbsp;</p>\r\n</div>\r\n</div>\r\n<p>&nbsp;</p>\r\n<table class=\"aliDataTable\" style=\"width: 503px; margin-left: 30px;\" border=\"1\" cellspacing=\"0\" cellpadding=\"0\">\r\n<tbody>\r\n<tr style=\"height: 18pt;\" align=\"left\">\r\n<td style=\"width: 148pt;\"><span style=\"font-size: 16px; font-family: Calibri,zapf dingbats;\"><strong>Product Name</strong></span></td>\r\n<td style=\"width: 230pt;\" colspan=\"3\">BP-M0152 New arrival home use mini portable ultrasound cavitation face beauty machine&nbsp;</td>\r\n</tr>\r\n<tr style=\"height: 18pt;\" align=\"left\">\r\n<td><span style=\"font-size: 16px; font-family: Calibri,zapf dingbats;\"><strong>Function</strong></span></td>\r\n<td colspan=\"3\"><span style=\"font-size: 16px; font-family: Calibri,zapf dingbats;\"><em><span style=\"color: #002060;\">Ultrasonic; Photon,GALVANIC,BIO-VIBRATION</span></em></span></td>\r\n</tr>\r\n<tr style=\"height: 18pt;\" align=\"left\">\r\n<td><span style=\"font-size: 16px; font-family: Calibri,zapf dingbats;\"><strong>Product Size</strong></span></td>\r\n<td colspan=\"3\"><span style=\"font-size: 16px; font-family: Calibri,zapf dingbats;\"><em><span style=\"color: #002060;\">17x9x6.5cm</span></em></span></td>\r\n</tr>\r\n<tr style=\"height: 18pt;\" align=\"left\">\r\n<td><span style=\"font-size: 16px; font-family: Calibri,zapf dingbats;\"><strong>Gift box Size</strong></span></td>\r\n<td colspan=\"3\"><span style=\"font-size: 16px; font-family: Calibri,zapf dingbats;\"><em><span style=\"color: #002060;\">250x180x50mm</span></em></span></td>\r\n</tr>\r\n<tr style=\"height: 18pt;\" align=\"left\">\r\n<td><span style=\"font-size: 16px; font-family: Calibri,zapf dingbats;\"><strong>Product weight/ Gift box weight</strong></span></td>\r\n<td colspan=\"3\"><span style=\"font-size: 16px; font-family: Calibri,zapf dingbats;\"><em><span style=\"color: #002060;\">163g /615g</span></em></span></td>\r\n</tr>\r\n<tr style=\"height: 18pt;\" align=\"left\">\r\n<td><span style=\"font-size: 16px; font-family: Calibri,zapf dingbats;\"><strong>Material of body</strong></span></td>\r\n<td colspan=\"3\"><span style=\"font-size: 16px; font-family: Calibri,zapf dingbats;\"><em><span style=\"color: #002060;\">ABS</span></em></span></td>\r\n</tr>\r\n<tr style=\"height: 18pt;\" align=\"left\">\r\n<td><span style=\"font-size: 16px; font-family: Calibri,zapf dingbats;\"><strong>Color</strong></span></td>\r\n<td colspan=\"3\"><span style=\"font-size: 16px; font-family: Calibri,zapf dingbats;\"><em><span style=\"color: #002060;\">white <em><span style=\"font-family: Calibri; color: #002060;\">,Black,GLOD</span></em></span></em></span></td>\r\n</tr>\r\n<tr style=\"height: 18pt;\" align=\"left\">\r\n<td><span style=\"font-size: 16px; font-family: Calibri,zapf dingbats;\"><strong>Adaptor input power </strong></span></td>\r\n<td colspan=\"3\"><span style=\"font-size: 16px; font-family: Calibri,zapf dingbats;\"><em><span style=\"color: #002060;\">AC 100-240V/50-60Hz</span></em></span></td>\r\n</tr>\r\n<tr style=\"height: 18pt;\" align=\"left\">\r\n<td><span style=\"font-size: 16px; font-family: Calibri,zapf dingbats;\"><strong>Adaptor output power </strong></span></td>\r\n<td colspan=\"3\"><span style=\"font-size: 16px; font-family: Calibri,zapf dingbats;\"><em><span style=\"color: #002060;\">5V, 1A</span></em></span></td>\r\n</tr>\r\n<tr style=\"height: 18pt;\" align=\"left\">\r\n<td><span style=\"font-size: 16px; font-family: Calibri,zapf dingbats;\"><strong>Ultrasonic frequency </strong></span></td>\r\n<td colspan=\"3\"><span style=\"font-size: 16px; font-family: Calibri,zapf dingbats;\"><em><span style=\"color: #002060;\">3 M Hz</span></em></span></td>\r\n</tr>\r\n<tr style=\"height: 18pt;\" align=\"left\">\r\n<td><span style=\"font-size: 16px; font-family: Calibri,zapf dingbats;\"><strong>Red light wavelength</strong></span></td>\r\n<td colspan=\"3\"><span style=\"font-size: 16px; font-family: Calibri,zapf dingbats;\"><em><span style=\"color: #002060;\">620-625&mu;m</span></em></span></td>\r\n</tr>\r\n<tr style=\"height: 18pt;\" align=\"left\">\r\n<td><span style=\"font-size: 16px; font-family: Calibri,zapf dingbats;\"><strong>Blue light wavelength</strong></span></td>\r\n<td colspan=\"3\"><span style=\"font-size: 16px; font-family: Calibri,zapf dingbats;\"><em><span style=\"color: #002060;\">465-470&mu;m</span></em></span></td>\r\n</tr>\r\n<tr style=\"height: 18pt;\" align=\"left\">\r\n<td><span style=\"font-size: 16px; font-family: Calibri,zapf dingbats;\"><strong>Green light wavelength</strong></span></td>\r\n<td colspan=\"3\"><span style=\"font-size: 16px; font-family: Calibri,zapf dingbats;\"><em><span style=\"color: #003366;\">522-528&mu;m</span></em></span></td>\r\n</tr>\r\n<tr style=\"height: 18pt;\" align=\"left\">\r\n<td><span style=\"font-size: 16px; font-family: Calibri,zapf dingbats;\"><strong>Orange light wavelength</strong></span></td>\r\n<td colspan=\"3\"><span style=\"font-size: 16px; font-family: Calibri,zapf dingbats;\"><em><span style=\"color: #003366;\">603&mu;m</span></em></span></td>\r\n</tr>\r\n<tr style=\"height: 18pt;\" align=\"left\">\r\n<td><span style=\"font-size: 16px; font-family: Calibri,zapf dingbats;\"><strong>Yellow light wavelength</strong></span></td>\r\n<td colspan=\"3\"><span style=\"font-size: 16px; font-family: Calibri,zapf dingbats;\"><em><span style=\"color: #003366;\">592&mu;m</span></em></span></td>\r\n</tr>\r\n</tbody>\r\n</table>\r\n<p>&nbsp;</p>\r\n<p>&nbsp;</p>\r\n<div id=\"ali-anchor-packaging\" style=\"margin-top: 15px; height: auto;\" data-section=\"packaging\">&nbsp;</div>\r\n<p>&nbsp;</p>\r\n<div id=\"ali-title-packaging\" style=\"margin-top: 15px; margin-bottom: 7px;\">\r\n<div style=\"height: auto; padding: 8px 0; border-bottom: 1px solid #ddd;\"><span style=\"background-color: #ddd; color: #333; font-weight: bold; padding: 8px 15px; line-height: 12px;\">Packaging &amp; Shipping</span></div>\r\n</div>\r\n<p style=\"margin-left: 30px;\">&nbsp;</p>\r\n<ul>\r\n<li><span style=\"font-size: 16px; font-family: Calibri;\">1pc main device</span></li>\r\n<li><span style=\"font-size: 16px; font-family: Calibri;\">1pc English users manual</span></li>\r\n<li><span style=\"font-size: 16px; font-family: Calibri;\">1pc adaptor</span></li>\r\n<li><span style=\"font-size: 16px; font-family: Calibri;\">1pc goggles (optional)</span></li>\r\n<li><span style=\"font-size: 16px; font-family: Calibri;\">1pc Cosmetic Cotton </span></li>\r\n</ul>\r\n<div>\r\n<p style=\"margin-left: 30px;\"><span style=\"line-height: 36px; font-size: 24px; font-family: Calibri, \'zapf dingbats\'; color: #ff0000;\"><strong>payment &amp; Delivery:</strong></span></p>\r\n<ul>\r\n<li><span style=\"line-height: 24px; font-size: 16px; font-family: Calibri, \'zapf dingbats\';\">T/T, Paypal &amp; West Union.</span></li>\r\n<li><span style=\"line-height: 24px; font-size: 16px; font-family: Calibri, \'zapf dingbats\';\">Packaging: Gift Box (260 x 180 x 70 mm) (1 Set/Box); Carton (56 x 38 x 41 cm) (20 pcs/carton)</span></li>\r\n<li><span style=\"line-height: 24px; font-size: 16px; font-family: Calibri, \'zapf dingbats\';\"><span style=\"line-height: 24px;\">Delivery: 1-3&nbsp; days for regular orders,15-25 days for OEM/ODM orders</span></span></li>\r\n<li><span style=\"line-height: 24px; font-size: 16px; font-family: Calibri, \'zapf dingbats\';\">Shipping: DHL, UPS or TNT etc, arrive in 3-7 working days.</span></li>\r\n<li><span style=\"line-height: 24px; font-size: 16px; font-family: Calibri, \'zapf dingbats\';\">Air shipping &amp; sea shipping are also available.</span></li>\r\n<li><span style=\"line-height: 24px; font-size: 16px; font-family: Calibri, \'zapf dingbats\';\"><span style=\"line-height: 24px;\"><span style=\"line-height: 24px;\">Warranty: 1 year upon deliver</span></span></span>&nbsp;</li>\r\n</ul>\r\n</div>\r\n<div id=\"ali-title-services\" style=\"margin-top: 15px; margin-bottom: 7px;\">\r\n<div style=\"height: auto; padding: 8px 0; border-bottom: 1px solid #ddd;\"><span style=\"background-color: #ddd; color: #333; font-weight: bold; padding: 8px 15px; line-height: 12px;\">Our Services</span></div>\r\n</div>\r\n<p>&nbsp;</p>\r\n<p style=\"margin-left: 30px;\"><span style=\"font-size: 24px; font-family: Calibri,zapf dingbats; color: #ff0000; background-color: #ffffff;\"><strong>Why choose us?</strong></span></p>\r\n<p style=\"font-size: medium; font-family: Tahoma; margin-left: 30px;\"><span style=\"font-size: 14px; font-family: Calibri,zapf dingbats;\"><span style=\"font-size: 16px;\">As a source manufacturer, we have been devoted to designing,produceing and sale for many years in beauty industry. With perfect quality, exquisite design, competitive price and good credit, we have achieved big success both in home and abroad market.We have cooperated with the companies from many countries,such as America,Japan,Russia,Austria,Chile,Australia and so on.With enough export experience,we will give our customer best products and service</span>!</span></p>\r\n<p style=\"margin-left: 30px;\"><span style=\"font-size: 14px; font-family: Calibri;\"><a href=\"http://perfectidea.en.alibaba.com\" target=\"_blank\" rel=\"noopener\"><img src=\"//sc01.alicdn.com/img/pb/269/933/875/875933269_754.jpg\" data-src=\"//sc01.alicdn.com/img/pb/269/933/875/875933269_754.jpg\" data-alt=\"BP-M0152 New arrival home use mini portable ultrasonic galvanic phototherapy machine beauty personal care\" data-width=\"600\" data-height=\"242\" /><noscript><img src=\"//u.alicdn.com/js/5v/esite/img/img-placeholder.png\" alt=\"BP-M0152 New arrival home use mini portable ultrasonic galvanic phototherapy machine beauty personal care\" width=\"600\" height=\"242\" ori-width=\"990\" ori-height=\"400\"></noscript></a></span>&nbsp;</p>\r\n<div id=\"ali-anchor-faq\" style=\"margin-top: 15px; height: auto;\" data-section=\"faq\">&nbsp;</div>\r\n<p>&nbsp;</p>\r\n<div id=\"ali-title-faq\" style=\"margin-top: 15px; margin-bottom: 7px;\">\r\n<div style=\"height: auto; padding: 8px 0; border-bottom: 1px solid #ddd;\"><span style=\"background-color: #ddd; color: #333; font-weight: bold; padding: 8px 15px; line-height: 12px;\">FAQ</span></div>\r\n</div>\r\n<p><span style=\"background-color: #99ccff;\"><span style=\"font-size: 24px;\"><span style=\"font-family: Calibri;\"><strong>FAQ</strong></span></span></span></p>\r\n<p style=\"margin-left: 30px;\"><span style=\"font-size: 14px; font-family: Calibri;\">Q: Can I get a sample before order in bulk?</span></p>\r\n<p style=\"margin-left: 30px;\"><span style=\"color: #3366ff;\"><span style=\"font-size: 14px; font-family: Calibri;\">A: Samples are available.&nbsp;</span></span></p>\r\n<p style=\"margin-left: 30px;\"><span style=\"font-size: 14px; font-family: Calibri;\">Q: How can I pay for the samples? Delivery time?</span></p>\r\n<p style=\"margin-left: 30px;\"><span style=\"color: #3366ff;\"><span style=\"font-size: 14px; font-family: Calibri;\">A: Paypal &amp; W.U. are ok. We arrange delivery in 1-3 working days upon payment and ship by DHL/UPS/TNT etc. Will arraive in 3-7 working days.</span></span></p>\r\n<p style=\"margin-left: 30px;\"><span style=\"font-size: 14px; font-family: Calibri;\">Q: Are you factory? Can you manufacture the device as I wish?</span></p>\r\n<p style=\"margin-left: 30px;\"><span style=\"color: #3366ff;\"><span style=\"font-size: 14px; font-family: Calibri;\">A: We are factory with our own R&amp;D team. OEM &amp; ODM are available.</span></span></p>\r\n<p style=\"margin-left: 30px;\"><span style=\"font-size: 14px; font-family: Calibri;\">Q: What is the delivery time of OEM orders?</span>&nbsp;</p>\r\n<p style=\"margin-left: 30px;\"><span style=\"color: #3366ff;\"><span style=\"font-size: 14px; font-family: Calibri;\">A: 15-25 working days upon payment.</span></span>&nbsp;</p>\r\n<div id=\"ali-anchor-AliPostDhMb-7o34u\" style=\"padding-top: 8px;\" data-section=\"AliPostDhMb-7o34u\" data-section-title=\"Contact US\">\r\n<div id=\"ali-title-AliPostDhMb-7o34u\" style=\"padding: 8px 0; border-bottom: 1px solid #ddd;\"><span style=\"background-color: #ddd; color: #333; font-weight: bold; padding: 8px 10px; line-height: 12px;\">Contact US</span></div>\r\n<div style=\"padding: 10px 0;\">\r\n<p style=\"box-sizing: content-box; margin: 0px; font-size: 12px; font-weight: normal; line-height: 18px; padding: 0px; border: 0px; font-style: normal; font-family: Arial,Helvetica; vertical-align: baseline; color: #333333; background-color: #ffffff;\" align=\"left\">&nbsp;</p>\r\n<p style=\"box-sizing: content-box; margin: 0px; font-size: 12px; font-weight: normal; line-height: 18px; padding: 0px; border: 0px; font-style: normal; font-family: Arial,Helvetica; vertical-align: baseline; color: #333333; background-color: #ffffff;\" align=\"left\"><span style=\"box-sizing: content-box; margin: 0px; padding: 0px; border: 0px; font-style: inherit; font-weight: inherit; font-size: 16px; line-height: 24px; font-family: Calibri, \'zapf dingbats\'; vertical-align: baseline;\"><img src=\"//sc01.alicdn.com/kf/HTB1HcBbngvD8KJjy0Fl761gBFXaD/201756411/HTB1HcBbngvD8KJjy0Fl761gBFXaD.png\" data-src=\"//sc01.alicdn.com/kf/HTB1HcBbngvD8KJjy0Fl761gBFXaD/201756411/HTB1HcBbngvD8KJjy0Fl761gBFXaD.png\" data-width=\"750\" /><noscript><img src=\"//sc01.alicdn.com/kf/HTB1HcBbngvD8KJjy0Fl761gBFXaD/201756411/HTB1HcBbngvD8KJjy0Fl761gBFXaD.png\" width=\"750\" ori-width=\"1336\" ori-height=\"404\"></noscript></span></p>\r\n<p style=\"box-sizing: content-box; margin: 0px; font-size: 12px; font-weight: normal; line-height: 18px; padding: 0px; border: 0px; font-style: normal; font-family: Arial,Helvetica; vertical-align: baseline; color: #000000; text-align: center; background-color: #c20c3f;\"><span style=\"box-sizing: content-box; margin: 0px; padding: 0px; border: 0px; font-style: inherit; font-weight: inherit; font-size: 24px; line-height: 36px; vertical-align: baseline;\"><a href=\"https://perfectidea.en.alibaba.com/?spm=a2700.wholesale.pronpeci14.9.1d51e288KxGCUK\" target=\"_blank\" rel=\"noopener\"><span style=\"box-sizing: content-box; margin: 0px; padding: 0px; border: 0px; font-style: inherit; font-weight: inherit; font-size: inherit; line-height: 36px; vertical-align: baseline; color: #ffffff;\">Back to Home Page</span></a></span><span style=\"box-sizing: content-box; margin: 0px; padding: 0px; border: 0px; font-style: inherit; font-weight: inherit; font-size: 24px; line-height: 36px; vertical-align: baseline;\"><span style=\"box-sizing: content-box; margin: 0px; padding: 0px; border: 0px; font-style: inherit; font-weight: inherit; font-size: inherit; line-height: 36px; vertical-align: baseline; color: #ffffff;\"><span style=\"box-sizing: content-box; margin: 0px; padding: 0px; border: 0px; font-style: normal; font-weight: normal; font-size: 14px; line-height: 21px; font-family: Arial; vertical-align: baseline; color: #ff0000;\">&nbsp; &nbsp;&nbsp;<span style=\"box-sizing: content-box; margin: 0px; padding: 0px; border: 0px; font-style: inherit; font-weight: inherit; font-size: inherit; line-height: 21px; vertical-align: baseline; color: #ffffff;\">&nbsp; &nbsp; &nbsp;&nbsp;</span></span></span></span></p>\r\n</div>\r\n</div>\r\n</div>\r\n<!-- tangram:4450 begin--> <!-- ICBU detail loader --> <!-- tangram:4448 begin--> <!-- tangram:4448 end--><!-- tangram:4450 end--></div>', '100', 'Pices', 990, 1500, 0, 'facial,skin care,womens,portable,rechargeable', 39, 'Color', 'Red, Blue', 'Condition', 'New', 'Shipping Time', '7 Days', '2019-08-06 17:49:54', '2019-08-06 11:49:54');
INSERT INTO `products` (`id`, `web_url`, `name`, `brand`, `category_id`, `primary_image`, `other_images`, `description`, `minimum_orders`, `unit`, `start_price`, `end_price`, `is_featured`, `tags`, `views`, `text_one_title`, `text_one_text`, `text_two_title`, `text_two_text`, `text_three_title`, `text_three_text`, `created_at`, `updated_at`) VALUES
(23, 'https://www.alibaba.com/product-detail/Acne-Skin-Care-Acne-Skin-Treatment_50042674261.html?spm=a2700.galleryofferlist.normalList.2.7cdb7cbanHhJ8I&s=p', 'Acne Skin Care Acne Skin Treatment Essence For Problem Skin', NULL, 18, '//sc02.alicdn.com/kf/UTB8J22JjmbIXKJkSaefq6yasXXaS/Acne-Skin-Care-Acne-Skin-Treatment-Essence.jpg', '[\"\\/\\/sc02.alicdn.com\\/kf\\/UTB8J22JjmbIXKJkSaefq6yasXXaS\\/Acne-Skin-Care-Acne-Skin-Treatment-Essence.jpg_350x350.jpg\",\"\\/\\/sc01.alicdn.com\\/kf\\/UTB86vzRjevJXKJkSajhq6A7aFXai\\/Acne-Skin-Care-Acne-Skin-Treatment-Essence.jpg_350x350.jpg\",\"\\/\\/sc01.alicdn.com\\/kf\\/UTB8N1KZDxHEXKJk43Jeq6yeeXXaO\\/Acne-Skin-Care-Acne-Skin-Treatment-Essence.jpg_350x350.jpg\"]', '<div class=\"scc-wrapper detail-module module-productSpecification\" data-spm=\"pronpeci14\">                                         <!--false | 50042674261 | -->         <style type=\"text/css\">         .richtext [data-maya] {             width: 750px;             font-size:14px;         }     </style>      <div id=\"J-rich-text-description\" class=\"richtext richtext-detail rich-text-description\">                 <p><img src=\"//sc01.alicdn.com/kf/HTB1jCeeXdjvK1RjSspiq6AEqXXaK/936552375/HTB1jCeeXdjvK1RjSspiq6AEqXXaK.jpg\" data-src=\"//sc01.alicdn.com/kf/HTB1jCeeXdjvK1RjSspiq6AEqXXaK/936552375/HTB1jCeeXdjvK1RjSspiq6AEqXXaK.jpg\" data-alt=\"Acne Skin Care Acne Skin Treatment Essence For Problem Skin\" ori-width=\"750\" ori-height=\"383\" /><noscript><img src=\"//u.alicdn.com/js/5v/esite/img/img-placeholder.png\" alt=\"Acne Skin Care Acne Skin Treatment Essence For Problem Skin\" ori-width=\"750\" ori-height=\"383\"></noscript></p><p><strong><span style=\"font-size: 16px;\">&nbsp; &nbsp; &nbsp; &nbsp; &nbsp; &nbsp; &nbsp; &nbsp; &nbsp; &nbsp; A Celebration Of Asian Beauty</span></strong></p><p>&nbsp;</p><p><span style=\"font-size: 14px;\">&nbsp; &nbsp; &nbsp; &nbsp; &nbsp; &nbsp; &nbsp; &nbsp; &nbsp; &nbsp; &nbsp; &nbsp;Rediscover the miracle of our one and only body, our one and only earth.&nbsp;</span></p><p>&nbsp;</p><p><span style=\"font-size: 14px;\">&nbsp; &nbsp; &nbsp; &nbsp; &nbsp; &nbsp; &nbsp; &nbsp; &nbsp; &nbsp; &nbsp; &nbsp;Indulge in the treasures provided by our Mother Earth, free from artificial</span><span style=\"font-size: 14px;\">&nbsp;ingredients and</span></p><p><span style=\"font-size: 14px;\">&nbsp; &nbsp; &nbsp; &nbsp; &nbsp; &nbsp; &nbsp; &nbsp; &nbsp; &nbsp; &nbsp; &nbsp;preservatives.&nbsp;</span></p><p>&nbsp;</p><p><span style=\"font-size: 14px;\">&nbsp; &nbsp; &nbsp; &nbsp; &nbsp; &nbsp; &nbsp; &nbsp; &nbsp; &nbsp; &nbsp; Renew and restore your skin in a natural environment through the esse</span><span style=\"font-size: 14px;\">nce</span><span style=\"font-size: 14px;\">of marine organisms </span></p><p><span style=\"font-size: 14px;\">&nbsp; &nbsp; &nbsp; &nbsp; &nbsp; &nbsp; &nbsp; &nbsp; &nbsp; &nbsp; &nbsp; and plant extracts.</span></p><p>&nbsp;</p><p><span style=\"font-size: 14px;\">&nbsp; &nbsp; &nbsp; &nbsp; &nbsp; &nbsp; &nbsp; &nbsp; &nbsp; &nbsp; &nbsp; Suitable for all skin types.</span></p><p>&nbsp;</p><p>&nbsp;</p><div id=\"ali-anchor-AliPostDhMb-tlrm2\" style=\"padding-top: 8px;\" data-section=\"AliPostDhMb-tlrm2\" data-section-title=\"Product Description\"><div id=\"ali-title-AliPostDhMb-tlrm2\" style=\"padding: 8px 0; border-bottom: 1px solid #ddd;\"><span style=\"background-color: #ddd; color: #333; font-weight: bold; padding: 8px 10px; line-height: 12px;\">Product Description</span></div><div style=\"padding: 10px 0;\"><p style=\"text-align: center;\">&nbsp;</p><p>&nbsp;</p><p><span style=\"font-size: 14px;\"><img src=\"//sc02.alicdn.com/kf/HTB10ByhXirxK1RkHFCcq6AQCVXaF/936552375/HTB10ByhXirxK1RkHFCcq6AQCVXaF.jpg\" data-src=\"//sc02.alicdn.com/kf/HTB10ByhXirxK1RkHFCcq6AQCVXaF/936552375/HTB10ByhXirxK1RkHFCcq6AQCVXaF.jpg\" data-alt=\"Acne Skin Care Acne Skin Treatment Essence For Problem Skin\" ori-width=\"750\" ori-height=\"477\" /><noscript><img src=\"//u.alicdn.com/js/5v/esite/img/img-placeholder.png\" alt=\"Acne Skin Care Acne Skin Treatment Essence For Problem Skin\" ori-width=\"750\" ori-height=\"477\"></noscript></span></p><p>&nbsp;</p><p><span style=\"font-size: 12px; color: #000000;\"><img src=\"//sc02.alicdn.com/kf/HTB14C.vbhnaK1RjSZFtq6zC2VXae/936552375/HTB14C.vbhnaK1RjSZFtq6zC2VXae.jpg\" data-src=\"//sc02.alicdn.com/kf/HTB14C.vbhnaK1RjSZFtq6zC2VXae/936552375/HTB14C.vbhnaK1RjSZFtq6zC2VXae.jpg\" data-alt=\"Acne Skin Care Acne Skin Treatment Essence For Problem Skin\" ori-width=\"750\" ori-height=\"333\" /><noscript><img src=\"//u.alicdn.com/js/5v/esite/img/img-placeholder.png\" alt=\"Acne Skin Care Acne Skin Treatment Essence For Problem Skin\" ori-width=\"750\" ori-height=\"333\"></noscript></span></p><p><span style=\"font-size: 14px; color: #000000;\">Product Name:&nbsp;Acne Skin Care Acne Skin Treatment Essence For Problem Skin</span></p> <table style=\"border-collapse: collapse; background-color: #ffffff; width: 80%;\" border=\"1\"><tbody><tr><td style=\"text-align: left;\"><strong><span style=\"color: #000000; font-family: arial, helvetica, sans-serif; font-size: 14px; font-style: normal; background-color: #ffffff; float: none; display: inline !important;\">Ingredient</span></strong></td><td style=\"text-align: left;\"><dl><dt><div style=\"box-sizing: content-box; margin: 0px; padding: 0px; border: 0px; vertical-align: baseline; overflow: hidden; width: 150px;\"><span style=\"font-family: arial, helvetica, sans-serif; font-size: 14px; color: #000000;\">Mira Ingredient</span></div></dt></dl><dl></dl></td><td style=\"text-align: left;\"><strong><span style=\"color: #000000; font-family: arial, helvetica, sans-serif; font-size: 14px; font-style: normal; background-color: #ffffff; float: none; display: inline !important;\">Feature</span></strong></td><td style=\"text-align: left;\"><dl><dt><div style=\"box-sizing: content-box; margin: 0px; padding: 0px; border: 0px; vertical-align: baseline; overflow: hidden; width: 150px;\"><span style=\"font-family: arial, helvetica, sans-serif; font-size: 14px; color: #000000;\">Acne Skin Treatment, Skin Treatment</span></div></dt></dl><dl></dl></td></tr><tr><td style=\"text-align: left;\"><p><strong><span style=\"box-sizing: content-box; margin: 0px; padding: 0px; border: 0px; vertical-align: baseline; font-family: arial, helvetica, sans-serif; font-size: 14px; color: #000000;\">Place of Origin</span></strong></p><dl><dt></dt></dl></td><td style=\"text-align: left;\"><span style=\"color: #000000; font-family: arial, helvetica, sans-serif; font-size: 14px; font-style: normal; font-weight: 400; background-color: #ffffff; float: none; display: inline !important;\">Singapore</span></td><td style=\"text-align: left;\"><strong><span style=\"color: #000000; font-family: arial, helvetica, sans-serif; font-size: 14px; font-style: normal; background-color: #ffffff; float: none; display: inline !important;\">Gender</span></strong></td><td style=\"text-align: left;\"><span style=\"color: #000000; font-family: arial, helvetica, sans-serif; font-size: 14px; font-style: normal; font-weight: 400; background-color: #ffffff; float: none; display: inline !important;\">Female</span></td></tr><tr><td style=\"text-align: left;\"><strong><span style=\"color: #000000; font-family: arial, helvetica, sans-serif; font-size: 14px; font-style: normal; background-color: #ffffff; float: none; display: inline !important;\">Form</span></strong></td><td style=\"text-align: left;\"><span style=\"color: #000000; font-family: arial, helvetica, sans-serif; font-size: 14px; font-style: normal; font-weight: 400; background-color: #ffffff; float: none; display: inline !important;\">Essence</span></td><td style=\"text-align: left;\"><strong><span style=\"color: #000000; font-family: arial, helvetica, sans-serif; font-size: 14px; font-style: normal; background-color: #ffffff; float: none; display: inline !important;\">Function</span></strong></td><td style=\"text-align: left;\"><dl><dt><div style=\"box-sizing: content-box; margin: 0px; padding: 0px; border: 0px; vertical-align: baseline; overflow: hidden; width: 150px;\"><span style=\"font-family: arial, helvetica, sans-serif; font-size: 14px; color: #000000;\">Acne Facial Analysis</span></div></dt></dl><dl></dl></td></tr></tbody></table><p>&nbsp;</p></div></div><div id=\"ali-anchor-AliPostDhMb-tn359\" style=\"padding-top: 8px;\" data-section=\"AliPostDhMb-tn359\" data-section-title=\"Related Products\"><div id=\"ali-title-AliPostDhMb-tn359\" style=\"padding: 8px 0; border-bottom: 1px solid #ddd;\"><span style=\"background-color: #ddd; color: #333; font-weight: bold; padding: 8px 10px; line-height: 12px;\">Related Products</span></div><div style=\"padding: 10px 0;\"><img src=\"https://sc02.alicdn.com/kf/HTB1Wn7cbkvoK1RjSZFNq6AxMVXaa/936552375/HTB1Wn7cbkvoK1RjSZFNq6AxMVXaa.jpg\" data-src=\"https://sc02.alicdn.com/kf/HTB1Wn7cbkvoK1RjSZFNq6AxMVXaa/936552375/HTB1Wn7cbkvoK1RjSZFNq6AxMVXaa.jpg\" data-width=\"750\" data-height=\"571\" usemap=\"#8211\" style=\"border: none; padding: 0;\" /><noscript><img src=\"//u.alicdn.com/js/5v/esite/img/img-placeholder.png\" width=\"750\" height=\"571\" usemap=\"#8211\" style=\"border: none; padding: 0;\"></noscript><map name=\"8211\"><area coords=\"15,109,196,505\" shape=\"rect\" href=\"https://sg1318105217jpev.trustpass.alibaba.com/product/50044044803-231970424/Magic_Cell_Activation_Regeneration_Essence_Beauty_Personal_Skin_Care_Face.html?spm=a2700.icbuShop.prewdfa4cf.13.10f733b4zUxnor\" target=\"_blank\"><area coords=\"315,118,429,513\" shape=\"rect\" href=\"https://sg1318105217jpev.trustpass.alibaba.com/product/50042494550-231970424/Hot_Sale_Moisturizing_Men_Skin_Face_Care_Cell_Activation_Regeneration_Essence.html?spm=a2700.icbuShop.prewdfa4cf.10.10f733b4zUxnor\" target=\"_blank\"><area coords=\"567,103,681,521\" shape=\"rect\" href=\"https://sg1318105217jpev.trustpass.alibaba.com/product/50042539828-231901524/Natural_Fresh_Moisturizing_Face_Serum_Skin_Care_Reverse_Skin_Regeneration_Essence.html?spm=a2700.icbuShop.prewdfa4cf.7.10f733b4zUxnor\" target=\"_blank\"></map></div></div><div id=\"ali-anchor-AliPostDhMb-zifq6\" style=\"padding-top: 8px;\" data-section=\"AliPostDhMb-zifq6\" data-section-title=\"Company Information\"><div id=\"ali-title-AliPostDhMb-zifq6\" style=\"padding: 8px 0; border-bottom: 1px solid #ddd;\"><span style=\"background-color: #ddd; color: #333; font-weight: bold; padding: 8px 10px; line-height: 12px;\">Company Information</span></div><div style=\"padding: 10px 0;\"><p>&nbsp;<img src=\"//sc01.alicdn.com/kf/HTB1goqeXjzuK1RjSspeq6ziHVXaC/936552375/HTB1goqeXjzuK1RjSspeq6ziHVXaC.jpg\" data-src=\"//sc01.alicdn.com/kf/HTB1goqeXjzuK1RjSspeq6ziHVXaC/936552375/HTB1goqeXjzuK1RjSspeq6ziHVXaC.jpg\" data-alt=\"Acne Skin Care Acne Skin Treatment Essence For Problem Skin\" ori-width=\"750\" ori-height=\"99\" /><noscript><img src=\"//u.alicdn.com/js/5v/esite/img/img-placeholder.png\" alt=\"Acne Skin Care Acne Skin Treatment Essence For Problem Skin\" ori-width=\"750\" ori-height=\"99\"></noscript></p><p><span style=\"font-size: 14px;\"><span style=\"color: #000000; font-family: Arial; font-size: 14px; font-style: normal; font-weight: 400; background-color: #ffffff; display: inline !important; float: none;\">&nbsp; &nbsp; &nbsp; &nbsp; &nbsp; &nbsp; &nbsp; &nbsp; &nbsp; &nbsp; &nbsp;The&nbsp;</span><img src=\"//sc01.alicdn.com/kf/HTB1cFOfXiYrK1Rjy0Fdq6ACvVXa0/936552375/HTB1cFOfXiYrK1Rjy0Fdq6ACvVXa0.jpg\" data-src=\"//sc01.alicdn.com/kf/HTB1cFOfXiYrK1Rjy0Fdq6ACvVXa0/936552375/HTB1cFOfXiYrK1Rjy0Fdq6ACvVXa0.jpg\" data-alt=\"Acne Skin Care Acne Skin Treatment Essence For Problem Skin\" data-width=\"29\" data-height=\"17\" style=\"vertical-align: middle; color: #000000; font-family: Arial; font-size: 14px; font-style: normal; font-weight: 400; background-color: #f5f5f5;\" ori-width=\"54\" ori-height=\"30\" /><noscript><img src=\"//u.alicdn.com/js/5v/esite/img/img-placeholder.png\" alt=\"Acne Skin Care Acne Skin Treatment Essence For Problem Skin\" width=\"29\" height=\"17\" style=\"vertical-align: middle; color: #000000; font-family: Arial; font-size: 14px; font-style: normal; font-weight: 400; background-color: #f5f5f5;\" ori-width=\"54\" ori-height=\"30\"></noscript><span style=\"color: #000000; font-family: Arial; font-size: 14px; font-style: normal; font-weight: 400; background-color: #f5f5f5; display: inline !important; float: none;\">&nbsp;</span><span style=\"color: #000000; font-family: Arial; font-size: 14px; font-style: normal; font-weight: 400; background-color: #ffffff; display: inline !important; float: none;\">Technology</span></span></p><p>&nbsp;</p><p><span style=\"font-size: 14px;\">&nbsp; &nbsp; &nbsp; &nbsp; &nbsp; &nbsp; &nbsp; &nbsp; &nbsp; &nbsp; &nbsp;The key ingredient&nbsp;Mira<img src=\"//sc01.alicdn.com/kf/HTB13lCeXe6sK1RjSsrbq6xbDXXas/936552375/HTB13lCeXe6sK1RjSsrbq6xbDXXas.jpg\" data-src=\"//sc01.alicdn.com/kf/HTB13lCeXe6sK1RjSsrbq6xbDXXas/936552375/HTB13lCeXe6sK1RjSsrbq6xbDXXas.jpg\" data-alt=\"Acne Skin Care Acne Skin Treatment Essence For Problem Skin\" data-width=\"13\" data-height=\"11\" ori-width=\"15\" ori-height=\"13\" /><noscript><img src=\"//u.alicdn.com/js/5v/esite/img/img-placeholder.png\" alt=\"Acne Skin Care Acne Skin Treatment Essence For Problem Skin\" width=\"13\" height=\"11\" ori-width=\"15\" ori-height=\"13\"></noscript> for <img src=\"//sc01.alicdn.com/kf/HTB1cFOfXiYrK1Rjy0Fdq6ACvVXa0/936552375/HTB1cFOfXiYrK1Rjy0Fdq6ACvVXa0.jpg\" data-src=\"//sc01.alicdn.com/kf/HTB1cFOfXiYrK1Rjy0Fdq6ACvVXa0/936552375/HTB1cFOfXiYrK1Rjy0Fdq6ACvVXa0.jpg\" data-alt=\"Acne Skin Care Acne Skin Treatment Essence For Problem Skin\" data-width=\"29\" data-height=\"17\" ori-width=\"54\" ori-height=\"30\" /><noscript><img src=\"//u.alicdn.com/js/5v/esite/img/img-placeholder.png\" alt=\"Acne Skin Care Acne Skin Treatment Essence For Problem Skin\" width=\"29\" height=\"17\" ori-width=\"54\" ori-height=\"30\"></noscript> is Chitin biotechnology, complete with properties </span></p><p><span style=\"font-size: 14px;\">&nbsp; &nbsp; &nbsp; &nbsp; &nbsp; &nbsp; &nbsp; &nbsp; &nbsp; &nbsp; &nbsp;such as</span><span style=\"font-size: 14px;\">&nbsp;moisturising, sun protection, anti-allergy and anti-bacterial.&nbsp;<span style=\"color: #000000; font-family: Arial; font-size: 14px; font-style: normal; font-weight: 400; background-color: #f5f5f5; display: inline !important; float: none;\">&nbsp;</span></span></p><p>&nbsp;</p><p><span style=\"font-size: 14px;\">&nbsp; &nbsp; &nbsp; &nbsp; &nbsp; &nbsp; &nbsp; &nbsp; &nbsp; &nbsp; &nbsp;After the&nbsp;<img src=\"//sc01.alicdn.com/kf/HTB1cFOfXiYrK1Rjy0Fdq6ACvVXa0/936552375/HTB1cFOfXiYrK1Rjy0Fdq6ACvVXa0.jpg\" data-src=\"//sc01.alicdn.com/kf/HTB1cFOfXiYrK1Rjy0Fdq6ACvVXa0/936552375/HTB1cFOfXiYrK1Rjy0Fdq6ACvVXa0.jpg\" data-alt=\"Acne Skin Care Acne Skin Treatment Essence For Problem Skin\" data-width=\"29\" data-height=\"17\" style=\"vertical-align: middle; color: #000000; font-family: Arial; font-size: 14px; font-style: normal; font-weight: 400; background-color: #f5f5f5;\" ori-width=\"54\" ori-height=\"30\" /><noscript><img src=\"//u.alicdn.com/js/5v/esite/img/img-placeholder.png\" alt=\"Acne Skin Care Acne Skin Treatment Essence For Problem Skin\" width=\"29\" height=\"17\" style=\"vertical-align: middle; color: #000000; font-family: Arial; font-size: 14px; font-style: normal; font-weight: 400; background-color: #f5f5f5;\" ori-width=\"54\" ori-height=\"30\"></noscript>&nbsp;research team successfully endowed Chitin derivatives with skin-loving </span></p><p><span style=\"font-size: 14px;\">&nbsp; &nbsp; &nbsp; &nbsp; &nbsp; &nbsp; &nbsp; &nbsp; &nbsp; &nbsp; &nbsp;properties, forming a perfect fusion with our skin, thereby protecting and </span><span style=\"font-size: 14px;\">withstanding </span></p><p><span style=\"font-size: 14px;\">&nbsp; &nbsp; &nbsp; &nbsp; &nbsp; &nbsp; &nbsp; &nbsp; &nbsp; &nbsp; &nbsp;damage.&nbsp;</span></p><p>&nbsp;</p><p style=\"text-align: left;\"><span style=\"font-size: 14px;\">&nbsp; &nbsp; &nbsp; &nbsp; &nbsp; &nbsp; &nbsp; &nbsp; &nbsp; &nbsp; &nbsp;Made in Singapore.<img src=\"//sc02.alicdn.com/kf/HTB1yXqsXjzuK1Rjy0Fpq6yEpFXas/936552375/HTB1yXqsXjzuK1Rjy0Fpq6yEpFXas.jpg\" data-src=\"//sc02.alicdn.com/kf/HTB1yXqsXjzuK1Rjy0Fpq6yEpFXas/936552375/HTB1yXqsXjzuK1Rjy0Fpq6yEpFXas.jpg\" data-alt=\"Acne Skin Care Acne Skin Treatment Essence For Problem Skin\" ori-width=\"750\" ori-height=\"208\" /><noscript><img src=\"//u.alicdn.com/js/5v/esite/img/img-placeholder.png\" alt=\"Acne Skin Care Acne Skin Treatment Essence For Problem Skin\" ori-width=\"750\" ori-height=\"208\"></noscript></span></p><p style=\"text-align: left;\"><span style=\"font-size: 14px;\">&nbsp; &nbsp; &nbsp; &nbsp; &nbsp; &nbsp; &nbsp; &nbsp; &nbsp; &nbsp; The <img src=\"//sc01.alicdn.com/kf/HTB1cFOfXiYrK1Rjy0Fdq6ACvVXa0/936552375/HTB1cFOfXiYrK1Rjy0Fdq6ACvVXa0.jpg\" data-src=\"//sc01.alicdn.com/kf/HTB1cFOfXiYrK1Rjy0Fdq6ACvVXa0/936552375/HTB1cFOfXiYrK1Rjy0Fdq6ACvVXa0.jpg\" data-alt=\"Acne Skin Care Acne Skin Treatment Essence For Problem Skin\" data-width=\"24\" data-height=\"14\" ori-width=\"54\" ori-height=\"30\" /><noscript><img src=\"//u.alicdn.com/js/5v/esite/img/img-placeholder.png\" alt=\"Acne Skin Care Acne Skin Treatment Essence For Problem Skin\" width=\"24\" height=\"14\" ori-width=\"54\" ori-height=\"30\"></noscript> range represents the apex of scientific research, ground-breaking&nbsp;ingredients from </span></p><p style=\"text-align: left;\"><span style=\"font-size: 14px;\">&nbsp; &nbsp; &nbsp; &nbsp; &nbsp; &nbsp; &nbsp; &nbsp; &nbsp; &nbsp; nature, and our passionate commitment towards our users.&nbsp;The range uses a minimal number </span></p><p style=\"text-align: left;\"><span style=\"font-size: 14px;\">&nbsp; &nbsp; &nbsp; &nbsp; &nbsp; &nbsp; &nbsp; &nbsp; &nbsp; &nbsp; of </span><span style=\"font-size: 14px;\">highly effective and innovative ingredi?ents in their purest form, to achieve healthier skin that </span></p><p style=\"text-align: left;\"><span style=\"font-size: 14px;\">&nbsp; &nbsp; &nbsp; &nbsp; &nbsp; &nbsp; &nbsp; &nbsp; &nbsp; &nbsp; glows with youthful radiance.</span></p><p style=\"text-align: left;\"><span style=\"font-size: 14px;\"><br>&nbsp; &nbsp; &nbsp; &nbsp; &nbsp; &nbsp; &nbsp; &nbsp; &nbsp; &nbsp; Chitin derivatives are scientifically proven to be extraordinarily well tolerated by the skin and </span></p><p style=\"text-align: left;\"><span style=\"font-size: 14px;\">&nbsp; &nbsp; &nbsp; &nbsp; &nbsp; &nbsp; &nbsp; &nbsp; &nbsp; &nbsp; possess exceptional moisturizing properties which help fight against the signs of skin aging.</span></p><p style=\"text-align: left;\">&nbsp;</p></div></div><div id=\"ali-anchor-AliPostDhMb-8ctea\" style=\"padding-top: 8px;\" data-section=\"AliPostDhMb-8ctea\" data-section-title=\"Packaging&Shipping\"><div id=\"ali-title-AliPostDhMb-8ctea\" style=\"padding: 8px 0; border-bottom: 1px solid #ddd;\"><span style=\"background-color: #ddd; color: #333; font-weight: bold; padding: 8px 10px; line-height: 12px;\">Packaging&amp;Shipping</span></div><div style=\"padding: 10px 0;\"><p><img src=\"//sc01.alicdn.com/kf/HTB1WuifXj14K1Rjt_h7q6xmcFXat/936552375/HTB1WuifXj14K1Rjt_h7q6xmcFXat.jpg\" data-src=\"//sc01.alicdn.com/kf/HTB1WuifXj14K1Rjt_h7q6xmcFXat/936552375/HTB1WuifXj14K1Rjt_h7q6xmcFXat.jpg\" data-alt=\"Acne Skin Care Acne Skin Treatment Essence For Problem Skin\" ori-width=\"750\" ori-height=\"455\" /><noscript><img src=\"//sc01.alicdn.com/kf/HTB1WuifXj14K1Rjt_h7q6xmcFXat/936552375/HTB1WuifXj14K1Rjt_h7q6xmcFXat.jpg\" alt=\"Acne Skin Care Acne Skin Treatment Essence For Problem Skin\" ori-width=\"750\" ori-height=\"455\"></noscript></p><p>&nbsp;</p></div></div>     </div>          <!-- tangram:4450 begin--> <!-- tangram:4450 end-->                                      </div>', '20', 'Pices', 550, 650, 0, 'no,yes,white', 1, NULL, NULL, NULL, NULL, NULL, NULL, '2019-08-01 18:53:41', '2019-08-01 12:53:41'),
(24, 'https://www.alibaba.com/product-detail/Factory-price-supply-dermal-filler-botulinum_62216395867.html?spm=a2700.galleryofferlist.normalList.8.7cdb7cbanHhJ8I&s=p', 'Factory price supply dermal filler botulinum toxin A for anti wrinkle', NULL, 18, '//sc01.alicdn.com/kf/HTB1Z.7ZaUH1gK0jSZSyq6xtlpXaG/Factory-price-supply-dermal-filler-botulinum-toxin.jpg', '[\"\\/\\/sc01.alicdn.com\\/kf\\/HTB1Z.7ZaUH1gK0jSZSyq6xtlpXaG\\/Factory-price-supply-dermal-filler-botulinum-toxin.jpg_350x350.jpg\",\"\\/\\/sc01.alicdn.com\\/kf\\/HTB1zqZVaGL7gK0jSZFBq6xZZpXal\\/Factory-price-supply-dermal-filler-botulinum-toxin.jpg_350x350.jpg\",\"\\/\\/sc02.alicdn.com\\/kf\\/HTB1Cxg1aHj1gK0jSZFuq6ArHpXar\\/Factory-price-supply-dermal-filler-botulinum-toxin.jpg_350x350.jpg\"]', '<div class=\"scc-wrapper detail-module module-productSpecification\" data-spm=\"pronpeci14\">                                         <!--false | 62216395867 | -->                                      </div>', '50', 'Pices', 50, 80, 1, 'notag', 2, NULL, NULL, NULL, NULL, NULL, NULL, '2019-08-01 18:55:43', '2019-08-01 12:55:43');

-- --------------------------------------------------------

--
-- Table structure for table `product_categories`
--

CREATE TABLE `product_categories` (
  `id` int(11) NOT NULL,
  `name` text NOT NULL,
  `parent_id` int(11) DEFAULT NULL,
  `created_at` timestamp NOT NULL DEFAULT CURRENT_TIMESTAMP ON UPDATE CURRENT_TIMESTAMP,
  `updated_at` timestamp NOT NULL DEFAULT '0000-00-00 00:00:00'
) ENGINE=InnoDB DEFAULT CHARSET=latin1;

--
-- Dumping data for table `product_categories`
--

INSERT INTO `product_categories` (`id`, `name`, `parent_id`, `created_at`, `updated_at`) VALUES
(14, 'Home Appliances', NULL, '2019-05-08 12:01:52', '2019-05-08 12:01:52'),
(15, 'Machinery', NULL, '2019-05-08 12:02:05', '2019-05-08 12:02:05'),
(16, 'Apparel, Textiles & Accessories', NULL, '2019-05-08 12:02:28', '2019-05-08 12:02:28'),
(17, 'Air-Conditioning Appliances', 14, '2019-05-08 12:02:53', '2019-05-08 12:02:53'),
(18, 'Beauty & Personal Care', 14, '2019-05-08 12:03:12', '2019-05-08 12:03:12'),
(19, 'Home Appliance Parts', 14, '2019-05-08 12:03:27', '2019-05-08 12:03:27'),
(20, 'Kitchen Appliances', 14, '2019-05-08 12:03:43', '2019-05-08 12:03:43'),
(21, 'Air Conditioners', 17, '2019-05-08 12:04:07', '2019-05-08 12:04:07'),
(22, 'Air Purifiers', 17, '2019-05-08 12:04:45', '2019-05-08 12:04:45'),
(23, 'Cleaning Appliances', 19, '2019-05-08 12:05:01', '2019-05-08 12:05:01'),
(24, 'Refrigerator & Freezer Parts', 19, '2019-05-08 12:05:15', '2019-05-08 12:05:15'),
(25, 'Laundry Appliances', 19, '2019-05-08 12:05:27', '2019-05-08 12:05:27'),
(26, 'Cooking Appliances', 20, '2019-05-08 12:05:43', '2019-05-08 12:05:43'),
(27, 'Blenders & Juicers', 20, '2019-05-08 12:06:00', '2019-05-08 12:06:00'),
(28, 'Cutting Tools', 20, '2019-05-08 12:06:09', '2019-05-08 12:06:09'),
(29, 'Agricultural Equipment', 15, '2019-05-08 12:07:17', '2019-05-08 12:07:17'),
(30, 'Apparel & Textile Machinery', 15, '2019-05-08 12:07:31', '2019-05-08 12:07:31'),
(31, 'Building Material', 15, '2019-05-08 12:07:41', '2019-05-08 12:07:41'),
(32, 'Chemical & Pharmaceuticals Machinery', 15, '2019-05-08 12:07:57', '2019-05-08 12:07:57'),
(33, 'Foor & Beverage Machinery', 15, '2019-05-08 12:08:07', '2019-05-08 12:08:07'),
(34, 'Farm Machinery', 29, '2019-05-08 12:08:37', '2019-05-08 12:08:37'),
(35, 'Forestry Machinery', 29, '2019-05-08 12:08:49', '2019-05-08 12:08:49'),
(36, 'Sewing Machines', 30, '2019-05-08 12:09:12', '2019-05-08 12:09:12'),
(37, 'Textile Machineries', 30, '2019-05-08 12:09:33', '2019-05-08 12:09:33'),
(38, 'Home Textile Machinery', 30, '2019-05-08 12:09:47', '2019-05-08 12:09:47'),
(39, 'Leather Production Machinery', 30, '2019-05-08 12:10:02', '2019-05-08 12:10:02'),
(40, 'Spareparts & Accessories', 30, '2019-05-08 12:10:13', '2019-05-08 12:10:13'),
(41, 'Brick Making Machinery', 31, '2019-05-08 12:10:28', '2019-05-08 12:10:28'),
(42, 'Board Making Machinery', 31, '2019-05-08 12:10:38', '2019-05-08 12:10:38'),
(43, 'Glass Production Machinery', 31, '2019-05-08 12:10:48', '2019-05-08 12:10:48'),
(44, 'Dry Mortar Machines', 31, '2019-05-08 12:10:59', '2019-05-08 12:10:59'),
(45, 'Chemical Storage Equipment', 32, '2019-05-08 12:11:14', '2019-05-08 12:11:14'),
(46, 'Cosmetics Production Equipment', 32, '2019-05-08 12:11:26', '2019-05-08 12:11:26'),
(47, 'Grinding & Mixing Equipment', 32, '2019-05-08 12:11:39', '2019-05-08 12:11:39'),
(48, 'Baking Equipment', 33, '2019-05-08 12:12:00', '2019-05-08 12:12:00'),
(49, 'Beverage Production Machine', 33, '2019-05-08 12:12:10', '2019-05-08 12:12:10'),
(50, 'Food Processing Machine', 33, '2019-05-08 12:12:20', '2019-05-08 12:12:20'),
(51, 'Food Sterilizer', 33, '2019-05-08 12:12:30', '2019-05-08 12:12:30'),
(52, 'Apparel', 16, '2019-05-08 12:12:55', '2019-05-08 12:12:55'),
(53, 'Fashion Accessories', 16, '2019-05-08 12:13:07', '2019-05-08 12:13:07'),
(54, 'Timepieces, Jewelry, & Eyewear', 16, '2019-05-08 12:13:23', '2019-05-08 12:13:23'),
(55, 'Garment Accessories', 52, '2019-05-08 12:14:54', '2019-05-08 12:14:54'),
(56, 'Costumes & Uniforms', 52, '2019-05-08 12:15:08', '2019-05-08 12:15:08'),
(57, 'Infant & Toddler Clothing', 52, '2019-05-08 12:15:19', '2019-05-08 12:15:19'),
(58, 'Men\'s Clothing', 52, '2019-05-08 12:15:32', '2019-05-08 12:15:32'),
(59, 'Women\'s Clothing', 52, '2019-05-08 12:15:43', '2019-05-08 12:15:43'),
(60, 'Belt Accessories', 53, '2019-05-08 12:15:53', '2019-05-08 12:15:53'),
(61, 'Scarf, Hat, Glove Sets', 53, '2019-05-08 12:16:04', '2019-05-08 12:16:04'),
(62, 'Hair Accessories', 53, '2019-05-08 12:16:16', '2019-05-08 12:16:16'),
(63, 'Watches', 54, '2019-05-08 12:16:29', '2019-05-08 12:16:29'),
(64, 'Sunglasses, Eyeglasses and Frames', 54, '2019-05-08 12:16:40', '2019-05-08 12:16:40'),
(65, 'Rings and Necklaces', 54, '2019-05-08 12:16:53', '2019-05-08 12:16:53'),
(66, 'Jewelry Sets', 54, '2019-05-08 12:17:04', '2019-05-08 12:17:04'),
(67, 'Wristbands', 54, '2019-05-08 12:17:14', '2019-05-08 12:17:14'),
(68, 'portable', 15, '2019-07-11 12:15:06', '2019-07-11 12:15:06');

-- --------------------------------------------------------

--
-- Table structure for table `product_queries`
--

CREATE TABLE `product_queries` (
  `id` int(11) NOT NULL,
  `product_id` int(11) NOT NULL,
  `user_name` text NOT NULL,
  `phone_number` text NOT NULL,
  `product_query` text NOT NULL,
  `is_read` tinyint(1) NOT NULL DEFAULT '0',
  `created_at` timestamp NOT NULL DEFAULT CURRENT_TIMESTAMP ON UPDATE CURRENT_TIMESTAMP,
  `updated_at` timestamp NOT NULL DEFAULT '0000-00-00 00:00:00'
) ENGINE=InnoDB DEFAULT CHARSET=latin1;

--
-- Dumping data for table `product_queries`
--

INSERT INTO `product_queries` (`id`, `product_id`, `user_name`, `phone_number`, `product_query`, `is_read`, `created_at`, `updated_at`) VALUES
(4, 18, 'fardin', '01614514777', 'how is the sound quality??', 1, '2019-08-01 18:31:19', '2019-07-06 12:20:42'),
(5, 22, 'fardin', '01614514777', 'wow new product?', 1, '2019-07-22 20:37:08', '2019-07-09 14:38:35');

-- --------------------------------------------------------

--
-- Table structure for table `roles`
--

CREATE TABLE `roles` (
  `id` bigint(20) UNSIGNED NOT NULL,
  `name` varchar(191) COLLATE utf8mb4_unicode_ci NOT NULL,
  `display_name` varchar(191) COLLATE utf8mb4_unicode_ci NOT NULL,
  `created_at` timestamp NULL DEFAULT NULL,
  `updated_at` timestamp NULL DEFAULT NULL
) ENGINE=InnoDB DEFAULT CHARSET=utf8mb4 COLLATE=utf8mb4_unicode_ci;

--
-- Dumping data for table `roles`
--

INSERT INTO `roles` (`id`, `name`, `display_name`, `created_at`, `updated_at`) VALUES
(1, 'admin', 'Administrator', '2019-04-28 11:44:08', '2019-04-28 11:44:08'),
(2, 'user', 'Normal User', '2019-04-28 11:44:08', '2019-04-28 11:44:08'),
(3, 'web admin', 'Admin', '2019-07-06 12:30:59', '2019-07-06 12:31:24');

-- --------------------------------------------------------

--
-- Table structure for table `settings`
--

CREATE TABLE `settings` (
  `id` int(10) UNSIGNED NOT NULL,
  `key` varchar(191) COLLATE utf8mb4_unicode_ci NOT NULL,
  `display_name` varchar(191) COLLATE utf8mb4_unicode_ci NOT NULL,
  `value` text COLLATE utf8mb4_unicode_ci,
  `details` text COLLATE utf8mb4_unicode_ci,
  `type` varchar(191) COLLATE utf8mb4_unicode_ci NOT NULL,
  `order` int(11) NOT NULL DEFAULT '1',
  `group` varchar(191) COLLATE utf8mb4_unicode_ci DEFAULT NULL
) ENGINE=InnoDB DEFAULT CHARSET=utf8mb4 COLLATE=utf8mb4_unicode_ci;

--
-- Dumping data for table `settings`
--

INSERT INTO `settings` (`id`, `key`, `display_name`, `value`, `details`, `type`, `order`, `group`) VALUES
(1, 'site.title', 'Site Title', 'Site Title', '', 'text', 1, 'Site'),
(2, 'site.description', 'Site Description', 'Site Description', '', 'text', 2, 'Site'),
(3, 'site.logo', 'Site Logo', '', '', 'image', 3, 'Site'),
(4, 'site.google_analytics_tracking_id', 'Google Analytics Tracking ID', NULL, '', 'text', 4, 'Site'),
(5, 'admin.bg_image', 'Admin Background Image', '', '', 'image', 5, 'Admin'),
(6, 'admin.title', 'Admin Title', 'Voyager', '', 'text', 1, 'Admin'),
(7, 'admin.description', 'Admin Description', 'Welcome to Voyager. The Missing Admin for Laravel', '', 'text', 2, 'Admin'),
(8, 'admin.loader', 'Admin Loader', '', '', 'image', 3, 'Admin'),
(9, 'admin.icon_image', 'Admin Icon Image', '', '', 'image', 4, 'Admin'),
(10, 'admin.google_analytics_client_id', 'Google Analytics Client ID (used for admin dashboard)', NULL, '', 'text', 1, 'Admin');

-- --------------------------------------------------------

--
-- Table structure for table `slider_infos`
--

CREATE TABLE `slider_infos` (
  `id` int(5) NOT NULL,
  `title` text,
  `subtitle` text,
  `short_description` text,
  `button_text` text,
  `button_url` text,
  `main_image` text,
  `pricing_image` text,
  `is_active` tinyint(1) DEFAULT NULL,
  `created_at` timestamp NULL DEFAULT CURRENT_TIMESTAMP,
  `updated_at` timestamp NULL DEFAULT NULL
) ENGINE=InnoDB DEFAULT CHARSET=latin1;

--
-- Dumping data for table `slider_infos`
--

INSERT INTO `slider_infos` (`id`, `title`, `subtitle`, `short_description`, `button_text`, `button_url`, `main_image`, `pricing_image`, `is_active`, `created_at`, `updated_at`) VALUES
(3, 'E-SHOPPER', 'Free E-Commerce Template', 'Lorem ipsum dolor sit amet, consectetur adipisicing elit, sed do eiusmod tempor incididunt ut labore et dolore magna ali', NULL, NULL, 'slider-infos\\April2019\\0pQoyiSiuCUbzFObYaFs.jpg', 'slider-infos\\April2019\\FgsZXZkyAlPZ2cqqmqm4.png', 1, '2019-04-28 13:02:00', '2019-07-28 11:35:39'),
(4, 'E-SHOPPER', 'Free E-Commerce Template', 'Lorem ipsum dolor sit amet, consectetur adipisicing elit, sed do eiusmod tempor incididunt ut labore et dolore magna aliqua.', NULL, NULL, 'slider-infos\\April2019\\Gt2IDGUzag3K2eTUXQKJ.jpg', 'slider-infos\\April2019\\lf7Jqlsl9DSRjBpUHlkU.png', 1, '2019-04-28 13:04:00', '2019-04-29 12:41:56'),
(5, 'E-SHOPPER', 'Free E-Commerce Template', 'lorem ipsum donor', 'Click to get it', 'http://localhost:8000/product/16', 'slider-infos\\May2019\\W6yni00knqqIudO3R0I5.jpg', NULL, 1, '2019-04-28 13:08:56', '2019-07-28 11:31:07');

-- --------------------------------------------------------

--
-- Table structure for table `source_products`
--

CREATE TABLE `source_products` (
  `id` int(11) NOT NULL,
  `user_name` text NOT NULL,
  `user_phone` text NOT NULL,
  `product_name` text,
  `product_quantity` text,
  `product_description` text,
  `product_url` text,
  `product_images` text,
  `is_read` tinyint(1) NOT NULL DEFAULT '0',
  `created_at` timestamp NOT NULL DEFAULT CURRENT_TIMESTAMP ON UPDATE CURRENT_TIMESTAMP,
  `updated_at` timestamp NOT NULL DEFAULT '0000-00-00 00:00:00'
) ENGINE=InnoDB DEFAULT CHARSET=latin1;

--
-- Dumping data for table `source_products`
--

INSERT INTO `source_products` (`id`, `user_name`, `user_phone`, `product_name`, `product_quantity`, `product_description`, `product_url`, `product_images`, `is_read`, `created_at`, `updated_at`) VALUES
(7, 'fardin', '01614514777', 'smart watch by xiaomi', '5555', 'posh', 'none', '[\"images\\/source-product-files\\/1_60346156_2258087661107706_5754758437175033856_n.jpg\",\"images\\/source-product-files\\/2_BT-Waterproof-Wireless-Portable-Speakers-Supports-Multimedia.jpg\",\"images\\/source-product-files\\/3_Capture.PNG\",\"images\\/source-product-files\\/4_Capture1.PNG\"]', 1, '2019-07-23 14:39:00', '2019-07-04 13:17:33'),
(8, 'fardin', '01614514777', 'dfdf', '10', 'sdfd', NULL, '[\"images\\/source-product-files\\/1_1c8e8dee-ed8b-426d-be80-54ec7bc3b9e5.jpg\",\"images\\/source-product-files\\/2_60346156_2258087661107706_5754758437175033856_n.jpg\",\"images\\/source-product-files\\/3_BT-Waterproof-Wireless-Portable-Speakers-Supports-Multimedia.jpg\",\"images\\/source-product-files\\/4_Capture.PNG\"]', 1, '2019-07-23 14:34:43', '2019-07-17 11:09:10'),
(9, 'dfdf', '01614514777', 'smart watch by xiaomi', '2', NULL, NULL, '[]', 0, '2019-07-17 11:39:29', '2019-07-17 11:39:29'),
(10, 'fardin', '01614514777', 'smart watch by xiaomi', '2', NULL, NULL, '[]', 0, '2019-07-17 11:40:22', '2019-07-17 11:40:22'),
(11, 'fardin', '01614514777', 'smart watch by xiaomi', '1', 'fgfgf', NULL, '[]', 1, '2019-07-23 15:13:19', '2019-07-17 11:59:39'),
(12, 'fardin', '01614514777', 'smart watch by xiaomi', '4', NULL, NULL, '[\"images\\/source-product-files\\/1_High-Quality-Wholesale-Cheap-Custom-Red-Mini (2).jpg\"]', 0, '2019-07-17 12:02:40', '2019-07-17 12:02:40'),
(13, 'fardin', '01614514777', 'smart watch by xiaomi', '2', NULL, NULL, '[\"images\\/source-product-files\\/1_High-Quality-Wholesale-Cheap-Custom-Red-Mini (1).jpg\",\"images\\/source-product-files\\/2_High-Quality-Wholesale-Cheap-Custom-Red-Mini (2).jpg\",\"images\\/source-product-files\\/3_High-Quality-Wholesale-Cheap-Custom-Red-Mini (3).jpg\",\"images\\/source-product-files\\/4_High-Quality-Wholesale-Cheap-Custom-Red-Mini.jpg\"]', 0, '2019-07-17 12:06:25', '2019-07-17 12:06:25'),
(14, 'fardin', '01614514777', 'smart watch by xiaomi', '5', 'description', NULL, '[\"images\\/source-product-files\\/1_High-Quality-Wholesale-Cheap-Custom-Red-Mini (2).jpg\",\"images\\/source-product-files\\/2_High-Quality-Wholesale-Cheap-Custom-Red-Mini (3).jpg\",\"images\\/source-product-files\\/3_High-Quality-Wholesale-Cheap-Custom-Red-Mini.jpg\"]', 0, '2019-07-23 12:44:43', '2019-07-23 12:44:43');

-- --------------------------------------------------------

--
-- Table structure for table `source_product_files`
--

CREATE TABLE `source_product_files` (
  `id` int(11) NOT NULL,
  `source_product_id` int(11) NOT NULL,
  `image` text NOT NULL,
  `created_at` timestamp NOT NULL DEFAULT CURRENT_TIMESTAMP ON UPDATE CURRENT_TIMESTAMP,
  `updated_at` timestamp NOT NULL DEFAULT '0000-00-00 00:00:00'
) ENGINE=InnoDB DEFAULT CHARSET=latin1;

--
-- Dumping data for table `source_product_files`
--

INSERT INTO `source_product_files` (`id`, `source_product_id`, `image`, `created_at`, `updated_at`) VALUES
(1, 3, '1562266106_1_output-onlinepngtools (2).png', '2019-07-04 12:48:26', '2019-07-04 12:48:26'),
(2, 4, '1562266369_1_BT-Waterproof-Wireless-Portable-Speakers-Supports-Multimedia.jpg', '2019-07-04 12:52:49', '2019-07-04 12:52:49'),
(3, 5, '1562266412_1_60346156_2258087661107706_5754758437175033856_n.jpg', '2019-07-04 12:53:32', '2019-07-04 12:53:32'),
(4, 5, '1562266412_2_BT-Waterproof-Wireless-Portable-Speakers-Supports-Multimedia.jpg', '2019-07-04 12:53:32', '2019-07-04 12:53:32'),
(5, 5, '1562266412_3_Capture.PNG', '2019-07-04 12:53:32', '2019-07-04 12:53:32'),
(6, 5, '1562266412_4_Capture1.PNG', '2019-07-04 12:53:32', '2019-07-04 12:53:32');

-- --------------------------------------------------------

--
-- Table structure for table `translations`
--

CREATE TABLE `translations` (
  `id` int(10) UNSIGNED NOT NULL,
  `table_name` varchar(191) COLLATE utf8mb4_unicode_ci NOT NULL,
  `column_name` varchar(191) COLLATE utf8mb4_unicode_ci NOT NULL,
  `foreign_key` int(10) UNSIGNED NOT NULL,
  `locale` varchar(191) COLLATE utf8mb4_unicode_ci NOT NULL,
  `value` text COLLATE utf8mb4_unicode_ci NOT NULL,
  `created_at` timestamp NULL DEFAULT NULL,
  `updated_at` timestamp NULL DEFAULT NULL
) ENGINE=InnoDB DEFAULT CHARSET=utf8mb4 COLLATE=utf8mb4_unicode_ci;

--
-- Dumping data for table `translations`
--

INSERT INTO `translations` (`id`, `table_name`, `column_name`, `foreign_key`, `locale`, `value`, `created_at`, `updated_at`) VALUES
(1, 'data_types', 'display_name_singular', 5, 'pt', 'Post', '2019-04-28 11:44:09', '2019-04-28 11:44:09'),
(2, 'data_types', 'display_name_singular', 6, 'pt', 'Pgina', '2019-04-28 11:44:09', '2019-04-28 11:44:09'),
(3, 'data_types', 'display_name_singular', 1, 'pt', 'Utilizador', '2019-04-28 11:44:09', '2019-04-28 11:44:09'),
(4, 'data_types', 'display_name_singular', 4, 'pt', 'Categoria', '2019-04-28 11:44:09', '2019-04-28 11:44:09'),
(5, 'data_types', 'display_name_singular', 2, 'pt', 'Menu', '2019-04-28 11:44:09', '2019-04-28 11:44:09'),
(6, 'data_types', 'display_name_singular', 3, 'pt', 'Funo', '2019-04-28 11:44:09', '2019-04-28 11:44:09'),
(7, 'data_types', 'display_name_plural', 5, 'pt', 'Posts', '2019-04-28 11:44:09', '2019-04-28 11:44:09'),
(8, 'data_types', 'display_name_plural', 6, 'pt', 'Pginas', '2019-04-28 11:44:09', '2019-04-28 11:44:09'),
(9, 'data_types', 'display_name_plural', 1, 'pt', 'Utilizadores', '2019-04-28 11:44:09', '2019-04-28 11:44:09'),
(10, 'data_types', 'display_name_plural', 4, 'pt', 'Categorias', '2019-04-28 11:44:09', '2019-04-28 11:44:09'),
(11, 'data_types', 'display_name_plural', 2, 'pt', 'Menus', '2019-04-28 11:44:09', '2019-04-28 11:44:09'),
(12, 'data_types', 'display_name_plural', 3, 'pt', 'Funes', '2019-04-28 11:44:09', '2019-04-28 11:44:09'),
(13, 'categories', 'slug', 1, 'pt', 'categoria-1', '2019-04-28 11:44:09', '2019-04-28 11:44:09'),
(14, 'categories', 'name', 1, 'pt', 'Categoria 1', '2019-04-28 11:44:09', '2019-04-28 11:44:09'),
(15, 'categories', 'slug', 2, 'pt', 'categoria-2', '2019-04-28 11:44:09', '2019-04-28 11:44:09'),
(16, 'categories', 'name', 2, 'pt', 'Categoria 2', '2019-04-28 11:44:09', '2019-04-28 11:44:09'),
(17, 'pages', 'title', 1, 'pt', 'Ol Mundo', '2019-04-28 11:44:09', '2019-04-28 11:44:09'),
(18, 'pages', 'slug', 1, 'pt', 'ola-mundo', '2019-04-28 11:44:09', '2019-04-28 11:44:09'),
(19, 'pages', 'body', 1, 'pt', '<p>Ol Mundo. Scallywag grog swab Cat o\'nine tails scuttle rigging hardtack cable nipper Yellow Jack. Handsomely spirits knave lad killick landlubber or just lubber deadlights chantey pinnace crack Jennys tea cup. Provost long clothes black spot Yellow Jack bilged on her anchor league lateen sail case shot lee tackle.</p>\r\n<p>Ballast spirits fluke topmast me quarterdeck schooner landlubber or just lubber gabion belaying pin. Pinnace stern galleon starboard warp carouser to go on account dance the hempen jig jolly boat measured fer yer chains. Man-of-war fire in the hole nipperkin handsomely doubloon barkadeer Brethren of the Coast gibbet driver squiffy.</p>', '2019-04-28 11:44:09', '2019-04-28 11:44:09'),
(20, 'menu_items', 'title', 1, 'pt', 'Painel de Controle', '2019-04-28 11:44:09', '2019-04-28 11:44:09'),
(21, 'menu_items', 'title', 2, 'pt', 'Media', '2019-04-28 11:44:09', '2019-04-28 11:44:09'),
(22, 'menu_items', 'title', 12, 'pt', 'Publicaes', '2019-04-28 11:44:09', '2019-04-28 11:44:09'),
(23, 'menu_items', 'title', 3, 'pt', 'Utilizadores', '2019-04-28 11:44:09', '2019-04-28 11:44:09'),
(24, 'menu_items', 'title', 11, 'pt', 'Categorias', '2019-04-28 11:44:09', '2019-04-28 11:44:09'),
(25, 'menu_items', 'title', 13, 'pt', 'Pginas', '2019-04-28 11:44:09', '2019-04-28 11:44:09'),
(26, 'menu_items', 'title', 4, 'pt', 'Funes', '2019-04-28 11:44:09', '2019-04-28 11:44:09'),
(27, 'menu_items', 'title', 5, 'pt', 'Ferramentas', '2019-04-28 11:44:09', '2019-04-28 11:44:09'),
(28, 'menu_items', 'title', 6, 'pt', 'Menus', '2019-04-28 11:44:09', '2019-04-28 11:44:09'),
(29, 'menu_items', 'title', 7, 'pt', 'Base de dados', '2019-04-28 11:44:09', '2019-04-28 11:44:09'),
(30, 'menu_items', 'title', 10, 'pt', 'Configuraes', '2019-04-28 11:44:09', '2019-04-28 11:44:09');

-- --------------------------------------------------------

--
-- Table structure for table `users`
--

CREATE TABLE `users` (
  `id` bigint(20) UNSIGNED NOT NULL,
  `role_id` bigint(20) UNSIGNED DEFAULT NULL,
  `name` varchar(191) COLLATE utf8mb4_unicode_ci NOT NULL,
  `email` varchar(191) COLLATE utf8mb4_unicode_ci NOT NULL,
  `avatar` varchar(191) COLLATE utf8mb4_unicode_ci DEFAULT 'users/default.png',
  `email_verified_at` timestamp NULL DEFAULT NULL,
  `password` varchar(191) COLLATE utf8mb4_unicode_ci NOT NULL,
  `remember_token` varchar(100) COLLATE utf8mb4_unicode_ci DEFAULT NULL,
  `settings` text COLLATE utf8mb4_unicode_ci,
  `created_at` timestamp NULL DEFAULT NULL,
  `updated_at` timestamp NULL DEFAULT NULL
) ENGINE=InnoDB DEFAULT CHARSET=utf8mb4 COLLATE=utf8mb4_unicode_ci;

--
-- Dumping data for table `users`
--

INSERT INTO `users` (`id`, `role_id`, `name`, `email`, `avatar`, `email_verified_at`, `password`, `remember_token`, `settings`, `created_at`, `updated_at`) VALUES
(1, 1, 'Admin', 'admin@admin.com', 'users/default.png', NULL, '$2y$10$/7mjSlCUxmK1O0jlAdZ97.g6tl/bTz8HLRS4J1zf4wvnb6gWflgUm', '9QGH4irSHYqVs1qvsoCotCBDIuhVKQXXH58GJyEGkzah9HPasQ5JxgCI9vfg', '{\"locale\":\"en\"}', '2019-04-28 11:44:09', '2019-08-06 12:43:06'),
(2, 3, 'Web Admin', 'webadmin@admin.com', 'users\\July2019\\1TB9aWnpEmAiP6DLdZmp.jpg', NULL, '$2y$10$erhV6JiVrc6tCiGQBNnWd.S2Pt16PF5nJZR05lTH0YmTNUxELftk.', 'KNg74NEiqFq82cnOE4SQuzXEKkp8vx52R4aLZ3idRVNOkZSmtNCOgqZDYT1S', '{\"locale\":\"en\"}', '2019-07-06 12:32:27', '2019-07-06 12:32:27');

-- --------------------------------------------------------

--
-- Table structure for table `user_roles`
--

CREATE TABLE `user_roles` (
  `user_id` bigint(20) UNSIGNED NOT NULL,
  `role_id` bigint(20) UNSIGNED NOT NULL
) ENGINE=InnoDB DEFAULT CHARSET=utf8mb4 COLLATE=utf8mb4_unicode_ci;

--
-- Dumping data for table `user_roles`
--

INSERT INTO `user_roles` (`user_id`, `role_id`) VALUES
(2, 3);

--
-- Indexes for dumped tables
--

--
-- Indexes for table `abouts`
--
ALTER TABLE `abouts`
  ADD PRIMARY KEY (`id`);

--
-- Indexes for table `basic_infos`
--
ALTER TABLE `basic_infos`
  ADD PRIMARY KEY (`id`);

--
-- Indexes for table `categories`
--
ALTER TABLE `categories`
  ADD PRIMARY KEY (`id`),
  ADD UNIQUE KEY `categories_slug_unique` (`slug`),
  ADD KEY `categories_parent_id_foreign` (`parent_id`);

--
-- Indexes for table `data_rows`
--
ALTER TABLE `data_rows`
  ADD PRIMARY KEY (`id`),
  ADD KEY `data_rows_data_type_id_foreign` (`data_type_id`);

--
-- Indexes for table `data_types`
--
ALTER TABLE `data_types`
  ADD PRIMARY KEY (`id`),
  ADD UNIQUE KEY `data_types_name_unique` (`name`),
  ADD UNIQUE KEY `data_types_slug_unique` (`slug`);

--
-- Indexes for table `menus`
--
ALTER TABLE `menus`
  ADD PRIMARY KEY (`id`),
  ADD UNIQUE KEY `menus_name_unique` (`name`);

--
-- Indexes for table `menu_items`
--
ALTER TABLE `menu_items`
  ADD PRIMARY KEY (`id`),
  ADD KEY `menu_items_menu_id_foreign` (`menu_id`);

--
-- Indexes for table `migrations`
--
ALTER TABLE `migrations`
  ADD PRIMARY KEY (`id`);

--
-- Indexes for table `pages`
--
ALTER TABLE `pages`
  ADD PRIMARY KEY (`id`),
  ADD UNIQUE KEY `pages_slug_unique` (`slug`);

--
-- Indexes for table `password_resets`
--
ALTER TABLE `password_resets`
  ADD KEY `password_resets_email_index` (`email`);

--
-- Indexes for table `permissions`
--
ALTER TABLE `permissions`
  ADD PRIMARY KEY (`id`),
  ADD KEY `permissions_key_index` (`key`);

--
-- Indexes for table `permission_role`
--
ALTER TABLE `permission_role`
  ADD PRIMARY KEY (`permission_id`,`role_id`),
  ADD KEY `permission_role_permission_id_index` (`permission_id`),
  ADD KEY `permission_role_role_id_index` (`role_id`);

--
-- Indexes for table `posts`
--
ALTER TABLE `posts`
  ADD PRIMARY KEY (`id`),
  ADD UNIQUE KEY `posts_slug_unique` (`slug`);

--
-- Indexes for table `products`
--
ALTER TABLE `products`
  ADD PRIMARY KEY (`id`);

--
-- Indexes for table `product_categories`
--
ALTER TABLE `product_categories`
  ADD PRIMARY KEY (`id`);

--
-- Indexes for table `product_queries`
--
ALTER TABLE `product_queries`
  ADD PRIMARY KEY (`id`);

--
-- Indexes for table `roles`
--
ALTER TABLE `roles`
  ADD PRIMARY KEY (`id`),
  ADD UNIQUE KEY `roles_name_unique` (`name`);

--
-- Indexes for table `settings`
--
ALTER TABLE `settings`
  ADD PRIMARY KEY (`id`),
  ADD UNIQUE KEY `settings_key_unique` (`key`);

--
-- Indexes for table `slider_infos`
--
ALTER TABLE `slider_infos`
  ADD PRIMARY KEY (`id`);

--
-- Indexes for table `source_products`
--
ALTER TABLE `source_products`
  ADD PRIMARY KEY (`id`);

--
-- Indexes for table `source_product_files`
--
ALTER TABLE `source_product_files`
  ADD PRIMARY KEY (`id`);

--
-- Indexes for table `translations`
--
ALTER TABLE `translations`
  ADD PRIMARY KEY (`id`),
  ADD UNIQUE KEY `translations_table_name_column_name_foreign_key_locale_unique` (`table_name`,`column_name`,`foreign_key`,`locale`);

--
-- Indexes for table `users`
--
ALTER TABLE `users`
  ADD PRIMARY KEY (`id`),
  ADD UNIQUE KEY `users_email_unique` (`email`),
  ADD KEY `users_role_id_foreign` (`role_id`);

--
-- Indexes for table `user_roles`
--
ALTER TABLE `user_roles`
  ADD PRIMARY KEY (`user_id`,`role_id`),
  ADD KEY `user_roles_user_id_index` (`user_id`),
  ADD KEY `user_roles_role_id_index` (`role_id`);

--
-- AUTO_INCREMENT for dumped tables
--

--
-- AUTO_INCREMENT for table `abouts`
--
ALTER TABLE `abouts`
  MODIFY `id` int(11) NOT NULL AUTO_INCREMENT, AUTO_INCREMENT=2;

--
-- AUTO_INCREMENT for table `basic_infos`
--
ALTER TABLE `basic_infos`
  MODIFY `id` int(10) UNSIGNED NOT NULL AUTO_INCREMENT, AUTO_INCREMENT=3;

--
-- AUTO_INCREMENT for table `categories`
--
ALTER TABLE `categories`
  MODIFY `id` int(10) UNSIGNED NOT NULL AUTO_INCREMENT, AUTO_INCREMENT=3;

--
-- AUTO_INCREMENT for table `data_rows`
--
ALTER TABLE `data_rows`
  MODIFY `id` int(10) UNSIGNED NOT NULL AUTO_INCREMENT, AUTO_INCREMENT=157;

--
-- AUTO_INCREMENT for table `data_types`
--
ALTER TABLE `data_types`
  MODIFY `id` int(10) UNSIGNED NOT NULL AUTO_INCREMENT, AUTO_INCREMENT=25;

--
-- AUTO_INCREMENT for table `menus`
--
ALTER TABLE `menus`
  MODIFY `id` int(10) UNSIGNED NOT NULL AUTO_INCREMENT, AUTO_INCREMENT=3;

--
-- AUTO_INCREMENT for table `menu_items`
--
ALTER TABLE `menu_items`
  MODIFY `id` int(10) UNSIGNED NOT NULL AUTO_INCREMENT, AUTO_INCREMENT=32;

--
-- AUTO_INCREMENT for table `migrations`
--
ALTER TABLE `migrations`
  MODIFY `id` int(10) UNSIGNED NOT NULL AUTO_INCREMENT, AUTO_INCREMENT=27;

--
-- AUTO_INCREMENT for table `pages`
--
ALTER TABLE `pages`
  MODIFY `id` int(10) UNSIGNED NOT NULL AUTO_INCREMENT, AUTO_INCREMENT=2;

--
-- AUTO_INCREMENT for table `permissions`
--
ALTER TABLE `permissions`
  MODIFY `id` bigint(20) UNSIGNED NOT NULL AUTO_INCREMENT, AUTO_INCREMENT=112;

--
-- AUTO_INCREMENT for table `posts`
--
ALTER TABLE `posts`
  MODIFY `id` int(10) UNSIGNED NOT NULL AUTO_INCREMENT, AUTO_INCREMENT=5;

--
-- AUTO_INCREMENT for table `products`
--
ALTER TABLE `products`
  MODIFY `id` int(11) NOT NULL AUTO_INCREMENT, AUTO_INCREMENT=25;

--
-- AUTO_INCREMENT for table `product_categories`
--
ALTER TABLE `product_categories`
  MODIFY `id` int(11) NOT NULL AUTO_INCREMENT, AUTO_INCREMENT=69;

--
-- AUTO_INCREMENT for table `product_queries`
--
ALTER TABLE `product_queries`
  MODIFY `id` int(11) NOT NULL AUTO_INCREMENT, AUTO_INCREMENT=6;

--
-- AUTO_INCREMENT for table `roles`
--
ALTER TABLE `roles`
  MODIFY `id` bigint(20) UNSIGNED NOT NULL AUTO_INCREMENT, AUTO_INCREMENT=4;

--
-- AUTO_INCREMENT for table `settings`
--
ALTER TABLE `settings`
  MODIFY `id` int(10) UNSIGNED NOT NULL AUTO_INCREMENT, AUTO_INCREMENT=11;

--
-- AUTO_INCREMENT for table `slider_infos`
--
ALTER TABLE `slider_infos`
  MODIFY `id` int(5) NOT NULL AUTO_INCREMENT, AUTO_INCREMENT=6;

--
-- AUTO_INCREMENT for table `source_products`
--
ALTER TABLE `source_products`
  MODIFY `id` int(11) NOT NULL AUTO_INCREMENT, AUTO_INCREMENT=15;

--
-- AUTO_INCREMENT for table `source_product_files`
--
ALTER TABLE `source_product_files`
  MODIFY `id` int(11) NOT NULL AUTO_INCREMENT, AUTO_INCREMENT=7;

--
-- AUTO_INCREMENT for table `translations`
--
ALTER TABLE `translations`
  MODIFY `id` int(10) UNSIGNED NOT NULL AUTO_INCREMENT, AUTO_INCREMENT=31;

--
-- AUTO_INCREMENT for table `users`
--
ALTER TABLE `users`
  MODIFY `id` bigint(20) UNSIGNED NOT NULL AUTO_INCREMENT, AUTO_INCREMENT=3;

--
-- Constraints for dumped tables
--

--
-- Constraints for table `categories`
--
ALTER TABLE `categories`
  ADD CONSTRAINT `categories_parent_id_foreign` FOREIGN KEY (`parent_id`) REFERENCES `categories` (`id`) ON DELETE SET NULL ON UPDATE CASCADE;

--
-- Constraints for table `data_rows`
--
ALTER TABLE `data_rows`
  ADD CONSTRAINT `data_rows_data_type_id_foreign` FOREIGN KEY (`data_type_id`) REFERENCES `data_types` (`id`) ON DELETE CASCADE ON UPDATE CASCADE;

--
-- Constraints for table `menu_items`
--
ALTER TABLE `menu_items`
  ADD CONSTRAINT `menu_items_menu_id_foreign` FOREIGN KEY (`menu_id`) REFERENCES `menus` (`id`) ON DELETE CASCADE;

--
-- Constraints for table `permission_role`
--
ALTER TABLE `permission_role`
  ADD CONSTRAINT `permission_role_permission_id_foreign` FOREIGN KEY (`permission_id`) REFERENCES `permissions` (`id`) ON DELETE CASCADE,
  ADD CONSTRAINT `permission_role_role_id_foreign` FOREIGN KEY (`role_id`) REFERENCES `roles` (`id`) ON DELETE CASCADE;

--
-- Constraints for table `users`
--
ALTER TABLE `users`
  ADD CONSTRAINT `users_role_id_foreign` FOREIGN KEY (`role_id`) REFERENCES `roles` (`id`);

--
-- Constraints for table `user_roles`
--
ALTER TABLE `user_roles`
  ADD CONSTRAINT `user_roles_role_id_foreign` FOREIGN KEY (`role_id`) REFERENCES `roles` (`id`) ON DELETE CASCADE,
  ADD CONSTRAINT `user_roles_user_id_foreign` FOREIGN KEY (`user_id`) REFERENCES `users` (`id`) ON DELETE CASCADE;
COMMIT;

/*!40101 SET CHARACTER_SET_CLIENT=@OLD_CHARACTER_SET_CLIENT */;
/*!40101 SET CHARACTER_SET_RESULTS=@OLD_CHARACTER_SET_RESULTS */;
/*!40101 SET COLLATION_CONNECTION=@OLD_COLLATION_CONNECTION */;
